global_ep,instance,epsilon,alpha,NBL,L,kappa,hv,hv_gain,run_time,time_ratio,reward,loss
1,250.2,0.9950,10,160,8,0.05,0.792313,-0.018461,1.096,0.445,-0.018461,
2,250.3,0.9900,40,30,3,0.2,0.275883,-0.377616,1.530,0.267,-0.377616,
3,250.4,0.9851,10,30,5,0.05,0.164231,-0.159573,0.355,0.025,-0.159573,
4,500.2,0.9801,10,130,5,0.2,0.771218,-0.015638,1.435,0.217,-0.015638,
5,500.3,0.9752,30,100,5,0.1,0.396122,-0.006048,18.039,1.089,-0.010508,
6,500.4,0.9704,10,50,10,0.1,0.134829,-0.053373,2.408,0.048,-0.053373,
7,750.2,0.9655,15,70,3,0.05,0.765405,-0.014996,2.764,0.187,-0.014996,
8,750.3,0.9607,20,70,8,0.05,0.331482,-0.172288,11.690,0.373,-0.172288,
9,750.4,0.9559,30,30,10,0.05,0.120396,-0.098504,16.567,0.189,-0.098504,
10,250.2,0.9511,40,130,8,0.2,0.813261,0.007489,6.045,2.456,-0.138107,
11,250.3,0.9464,10,30,5,0.1,0.234052,-0.471984,0.150,0.026,-0.471984,
12,250.4,0.9416,15,130,5,0.2,0.263657,0.349221,7.566,0.534,0.349221,
13,500.2,0.9369,10,100,8,0.1,0.769875,-0.017352,1.221,0.185,-0.017352,
14,500.3,0.9322,20,50,8,0.1,0.219149,-0.450111,3.652,0.220,-0.450111,
15,500.4,0.9276,20,160,3,0.2,0.240194,0.686397,70.188,1.397,0.646715,
16,750.2,0.9229,30,160,5,0.05,0.779998,0.003783,22.294,1.505,-0.046739,
17,750.3,0.9183,20,160,5,0.2,0.488774,0.220470,43.834,1.397,0.200601,
18,750.4,0.9137,10,50,3,0.1,0.119445,-0.105627,5.042,0.058,-0.105627,
19,250.2,0.9092,10,50,8,0.05,0.783942,-0.028832,0.166,0.067,-0.028832,
20,250.3,0.9046,25,160,10,0.05,0.530930,0.197764,11.617,2.027,0.146396,
21,250.4,0.9001,15,160,8,0.2,0.269890,0.381117,16.500,1.164,0.364756,
22,500.2,0.8956,30,100,8,0.05,0.783214,-0.000327,7.112,1.077,-0.008020,
23,500.3,0.8911,15,50,5,0.2,0.206831,-0.481018,2.313,0.140,-0.481018,
24,500.4,0.8867,25,30,3,0.05,0.110328,-0.225393,4.774,0.095,-0.225393,
25,750.2,0.8822,15,160,10,0.2,0.772781,-0.005504,10.735,0.725,-0.005504,
26,750.3,0.8778,25,130,10,0.2,0.447826,0.118223,45.006,1.435,0.096486,
27,750.4,0.8734,30,30,3,0.2,0.114488,-0.142739,12.674,0.145,-0.142739,
28,250.2,0.8691,15,50,5,0.2,0.794209,-0.016113,0.351,0.143,-0.016113,
29,250.3,0.8647,40,70,3,0.1,0.374867,-0.154310,4.231,0.738,-0.154310,
30,250.4,0.8604,25,30,8,0.2,0.174153,-0.108802,1.623,0.114,-0.108802,
31,500.2,0.8561,30,30,8,0.2,0.720245,-0.080699,1.927,0.292,-0.080699,
32,500.3,0.8518,15,50,8,0.05,0.209111,-0.475296,2.108,0.127,-0.475296,0.220549
33,500.4,0.8475,30,30,8,0.1,0.113208,-0.205172,7.240,0.144,-0.205172,0.111703
34,750.2,0.8433,20,70,5,0.05,0.773055,-0.005152,4.818,0.325,-0.005152,0.103650
35,750.3,0.8391,30,30,3,0.2,0.181877,-0.545854,6.067,0.193,-0.545854,0.089861
36,750.4,0.8349,10,130,5,0.05,0.221166,0.656039,25.628,0.293,0.656039,0.121359
37,250.2,0.8307,30,50,8,0.2,0.804876,-0.002898,1.541,0.626,-0.002898,0.183467
38,250.3,0.8266,15,130,5,0.2,0.499154,0.126078,2.772,0.484,0.126078,0.086418
39,250.4,0.8224,15,130,5,0.2,0.263657,0.349221,8.001,0.564,0.349221,0.120825
40,500.2,0.8183,40,160,8,0.1,0.789262,0.007392,20.810,3.151,-0.207746,0.088713
41,500.3,0.8142,25,130,5,0.2,0.459356,0.152618,19.543,1.180,0.143620,0.088794
42,500.4,0.8102,15,50,3,0.1,0.127843,-0.102414,4.867,0.097,-0.102414,0.118314
43,750.2,0.8061,30,50,5,0.05,0.778759,0.002189,5.494,0.371,0.002189,0.116699
44,750.3,0.8021,40,30,5,0.05,0.184064,-0.540392,8.730,0.278,-0.540392,0.101872
45,750.4,0.7981,25,130,5,0.05,0.228187,0.708613,113.282,1.294,0.679173,0.108446
46,250.2,0.7941,25,130,5,0.05,0.803437,-0.004681,3.667,1.490,-0.053638,0.104706
47,250.3,0.7901,15,70,10,0.05,0.370256,-0.164713,1.575,0.275,-0.164713,0.073473
48,250.4,0.7862,40,130,10,0.05,0.272050,0.392172,50.573,3.566,0.135526,0.091531
49,500.2,0.7822,25,50,3,0.05,0.782050,-0.001813,2.336,0.354,-0.001813,0.066350
50,500.3,0.7783,20,100,10,0.1,0.411021,0.031335,12.605,0.761,0.031335,0.080293
51,500.4,0.7744,10,130,5,0.05,0.223132,0.566601,14.090,0.280,0.566601,0.090292
52,750.2,0.7705,40,160,3,0.05,0.778079,0.001314,40.179,2.713,-0.169963,0.075370
53,750.3,0.7667,20,30,5,0.05,0.176773,-0.558598,3.306,0.105,-0.558598,0.099471
54,750.4,0.7629,25,50,10,0.05,0.144778,0.084066,25.160,0.287,0.084066,0.053309
55,250.2,0.7590,15,30,10,0.2,0.761718,-0.056363,0.365,0.148,-0.056363,0.068255
56,250.3,0.7553,40,130,3,0.05,0.498674,0.124995,13.544,2.364,0.056813,0.086782
57,250.4,0.7515,20,130,5,0.2,0.268195,0.372444,15.645,1.103,0.362118,0.078150
58,500.2,0.7477,25,130,10,0.05,0.786201,0.003485,10.094,1.529,-0.049379,0.076410
59,500.3,0.7440,25,100,5,0.1,0.393391,-0.012900,14.103,0.851,-0.012900,0.060854
60,500.4,0.7403,10,130,5,0.05,0.223132,0.566601,13.588,0.270,0.566601,0.076382
61,750.2,0.7366,10,100,8,0.1,0.763515,-0.017429,3.379,0.228,-0.017429,0.072788
62,750.3,0.7329,40,160,10,0.05,0.493557,0.232413,129.626,4.132,0.075796,0.073311
63,750.4,0.7292,15,30,3,0.2,0.110959,-0.169163,4.101,0.047,-0.169163,0.064241
64,250.2,0.7256,10,130,10,0.2,0.785284,-0.027169,0.698,0.283,-0.027169,0.081527
65,250.3,0.7219,25,130,5,0.2,0.511675,0.154325,6.226,1.087,0.149999,0.065655
66,250.4,0.7183,10,130,3,0.05,0.251746,0.288271,5.956,0.420,0.288271,0.062488
67,500.2,0.7147,10,160,5,0.1,0.140079,-0.821207,0.793,0.120,-0.821207,0.099901
68,500.3,0.7112,30,50,3,0.2,0.188602,-0.526759,5.199,0.314,-0.526759,0.042565
69,500.4,0.7076,40,130,8,0.1,0.241151,0.693118,125.144,2.491,0.544066,0.090373
70,750.2,0.7041,40,70,5,0.1,0.778729,0.002150,17.355,1.172,-0.015029,0.082009
71,750.3,0.7005,40,160,8,0.1,0.493974,0.233455,124.975,3.984,0.084251,0.061918
72,750.4,0.6970,10,30,10,0.2,0.121513,-0.090139,3.169,0.036,-0.090139,0.079815
73,250.2,0.6936,25,160,8,0.2,0.809814,0.003220,3.579,1.454,-0.042170,0.061947
74,250.3,0.6901,15,160,8,0.2,0.529015,0.193443,5.158,0.900,0.193443,0.062082
75,250.4,0.6866,15,130,8,0.05,0.265454,0.358418,8.231,0.580,0.358418,0.058103
76,500.2,0.6832,25,130,5,0.05,0.783351,-0.000152,7.149,1.083,-0.008415,0.065156
77,500.3,0.6798,25,130,5,0.05,0.456531,0.145532,22.837,1.379,0.126589,0.063047
78,500.4,0.6764,20,130,5,0.05,0.236191,0.658288,47.293,0.941,0.658288,0.060807
79,750.2,0.6730,15,100,8,0.2,0.770232,-0.008785,6.442,0.435,-0.008785,0.084730
80,750.3,0.6696,25,130,5,0.05,0.448777,0.120596,39.559,1.261,0.107542,0.050455
81,750.4,0.6663,25,130,5,0.05,0.228187,0.708613,105.929,1.210,0.687575,0.047929
82,250.2,0.6630,40,130,8,0.2,0.813261,0.007489,6.065,2.464,-0.138912,0.070187
83,250.3,0.6597,15,70,3,0.05,0.346394,-0.218545,1.013,0.177,-0.218545,0.071566
84,250.4,0.6564,20,160,5,0.2,0.275067,0.407609,23.929,1.687,0.338859,0.075634
85,500.2,0.6531,20,130,5,0.2,0.779570,-0.004978,4.904,0.743,-0.004978,0.060449
86,500.3,0.6498,40,160,8,0.2,0.500787,0.256579,70.081,4.231,0.095009,0.071326
87,500.4,0.6466,10,30,10,0.1,0.119089,-0.163880,1.660,0.033,-0.163880,0.040680
88,750.2,0.6433,20,50,8,0.05,0.770361,-0.008619,3.228,0.218,-0.008619,0.031676
89,750.3,0.6401,25,130,5,0.05,0.448777,0.120596,39.457,1.258,0.107704,0.041404
90,750.4,0.6369,25,130,3,0.05,0.225430,0.687970,120.719,1.379,0.650033,0.051690
91,250.2,0.6337,40,50,3,0.1,0.805609,-0.001990,1.955,0.794,-0.001990,0.046634
92,250.3,0.6306,15,100,5,0.05,0.433880,-0.021178,1.519,0.265,-0.021178,0.051699
93,250.4,0.6274,10,70,5,0.2,0.187292,-0.041565,1.333,0.094,-0.041565,0.034095
94,500.2,0.6243,10,70,10,0.2,0.765292,-0.023202,1.067,0.162,-0.023202,0.061564
95,500.3,0.6211,25,130,8,0.05,0.444599,0.115590,23.608,1.425,0.094318,0.038741
96,500.4,0.6180,20,160,5,0.2,0.246537,0.730928,73.263,1.458,0.685125,0.034785
97,750.2,0.6149,15,50,10,0.05,0.762719,-0.018453,2.326,0.157,-0.018453,0.047054
98,750.3,0.6119,20,100,5,0.1,0.393297,-0.017937,18.145,0.578,-0.017937,0.028839
99,750.4,0.6088,40,30,10,0.05,0.121250,-0.092106,23.705,0.271,-0.092106,0.043442
100,250.2,0.6058,25,50,8,0.2,0.802842,-0.005417,1.043,0.424,-0.005417,0.027898
101,250.3,0.6027,25,70,8,0.05,0.386212,-0.128717,2.110,0.368,-0.128717,0.031655
102,250.4,0.5997,40,50,10,0.1,0.197461,0.010475,8.093,0.571,0.010475,0.050617
103,500.2,0.5967,10,70,8,0.2,0.722032,-0.078418,1.002,0.152,-0.078418,0.029211
104,500.3,0.5937,40,130,8,0.05,0.460586,0.155704,44.217,2.670,0.072216,0.039408
105,500.4,0.5908,20,50,8,0.05,0.141290,-0.008005,8.321,0.166,-0.008005,0.026443
106,750.2,0.5878,25,70,8,0.1,0.773890,-0.004077,8.764,0.592,-0.004077,0.046317
107,750.3,0.5849,25,130,5,0.05,0.448777,0.120596,38.845,1.238,0.108679,0.032062
108,750.4,0.5820,25,130,5,0.1,0.228793,0.713147,114.271,1.306,0.682577,0.074744
109,250.2,0.5790,25,30,5,0.1,0.766368,-0.050603,0.515,0.209,-0.050603,0.028447
110,250.3,0.5762,40,70,8,0.2,0.366866,-0.172361,5.245,0.915,-0.172361,0.046021
111,250.4,0.5733,20,160,5,0.2,0.275067,0.407609,23.949,1.689,0.338721,0.034594
112,500.2,0.5704,25,100,10,0.05,0.785927,0.003135,6.811,1.031,-0.000013,0.028587
113,500.3,0.5676,20,160,10,0.1,0.493872,0.239227,26.937,1.626,0.207906,0.026843
114,500.4,0.5647,20,130,5,0.05,0.236191,0.658288,51.568,1.026,0.655662,0.040649
115,750.2,0.5619,25,160,5,0.2,0.778005,0.001218,17.781,1.201,-0.018833,0.020513
116,750.3,0.5591,25,130,5,0.05,0.448777,0.120596,40.062,1.277,0.106739,0.026199
117,750.4,0.5563,10,70,8,0.05,0.133624,0.000545,7.694,0.088,0.000545,0.034929
118,250.2,0.5535,30,130,8,0.1,0.807428,0.000264,3.548,1.441,-0.043875,0.030085
119,250.3,0.5507,40,50,10,0.2,0.297856,-0.328045,3.409,0.595,-0.328045,0.030572
120,250.4,0.5480,10,70,8,0.05,0.186503,-0.045600,1.382,0.097,-0.045600,0.018017
121,500.2,0.5452,25,100,10,0.05,0.785927,0.003135,6.718,1.017,0.001398,0.051171
122,500.3,0.5425,25,130,8,0.05,0.444599,0.115590,22.983,1.388,0.096205,0.019454
123,500.4,0.5398,20,160,5,0.2,0.246537,0.730928,73.353,1.460,0.684947,0.025408
124,750.2,0.5371,15,50,3,0.05,0.765037,-0.015471,1.237,0.083,-0.015471,0.043108
125,750.3,0.5344,25,130,3,0.1,0.444888,0.110886,34.947,1.114,0.105182,0.021331
126,750.4,0.5318,40,130,5,0.2,0.232788,0.743064,221.714,2.533,0.589726,0.029628
127,250.2,0.5291,15,130,5,0.2,0.799281,-0.009829,0.870,0.354,-0.009829,0.027225
128,250.3,0.5264,15,50,3,0.05,0.267826,-0.395791,0.514,0.090,-0.395791,0.023941
129,250.4,0.5238,20,160,5,0.2,0.275067,0.407609,24.107,1.700,0.337603,0.032748
130,500.2,0.5212,40,130,10,0.05,0.787724,0.005430,16.188,2.451,-0.139705,0.034054
131,500.3,0.5186,25,130,5,0.05,0.456531,0.145532,22.620,1.366,0.127242,0.034438
132,500.4,0.5160,20,160,5,0.2,0.246537,0.730928,72.928,1.451,0.685793,0.024855
133,750.2,0.5134,15,100,8,0.1,0.771756,-0.006823,5.017,0.339,-0.006823,0.034679
134,750.3,0.5108,25,160,10,0.2,0.490181,0.223982,67.380,2.148,0.166582,0.040497
135,750.4,0.5083,20,160,5,0.2,0.242933,0.819024,130.934,1.496,0.769415,0.026585
136,250.2,0.5058,30,100,5,0.2,0.806316,-0.001114,1.969,0.800,-0.001114,0.034792
137,250.3,0.5032,25,160,8,0.2,0.533201,0.202886,10.602,1.850,0.160375,0.026950
138,250.4,0.5007,15,160,8,0.2,0.269890,0.381117,16.635,1.173,0.363804,0.018811
139,500.2,0.4982,15,70,10,0.05,0.778086,-0.006873,2.570,0.389,-0.006873,0.028646
140,500.3,0.4957,25,130,5,0.05,0.456531,0.145532,22.042,1.331,0.128990,0.021313
141,500.4,0.4932,20,70,3,0.05,0.140817,-0.011330,14.279,0.284,-0.011330,0.026064
142,750.2,0.4908,25,160,5,0.2,0.778005,0.001218,17.858,1.206,-0.019355,0.028487
143,750.3,0.4883,25,100,8,0.2,0.404818,0.010831,27.347,0.872,0.010831,0.025145
144,750.4,0.4859,10,50,10,0.1,0.133692,0.001058,5.372,0.061,0.001058,0.027903
145,250.2,0.4834,15,130,5,0.2,0.799281,-0.009829,1.101,0.447,-0.009829,0.025110
146,250.3,0.4810,20,160,3,0.2,0.530514,0.196825,6.511,1.136,0.190010,0.029635
147,250.4,0.4786,20,160,5,0.2,0.275067,0.407609,24.077,1.698,0.337816,0.037320
148,500.2,0.4762,25,100,10,0.1,0.783599,0.000165,6.239,0.945,0.000165,0.023181
149,500.3,0.4738,25,160,10,0.2,0.497267,0.247747,35.586,2.149,0.190317,0.025263
150,500.4,0.4715,10,70,8,0.1,0.142155,-0.001933,4.885,0.097,-0.001933,0.032818
151,750.2,0.4691,25,100,10,0.1,0.775384,-0.002155,11.894,0.803,-0.002155,0.037822
152,750.3,0.4668,25,160,10,0.2,0.490181,0.223982,67.339,2.147,0.166648,0.043214
153,750.4,0.4644,40,160,5,0.1,0.247355,0.852136,412.076,4.709,0.481284,0.026034
154,250.2,0.4621,25,100,3,0.1,0.803436,-0.004681,1.387,0.563,-0.004681,0.024590
155,250.3,0.4598,40,100,5,0.1,0.437076,-0.013969,8.412,1.468,-0.037371,0.021912
156,250.4,0.4575,20,160,5,0.2,0.275067,0.407609,24.145,1.703,0.337335,0.027159
157,500.2,0.4552,25,100,10,0.1,0.783599,0.000165,6.234,0.944,0.000165,0.019619
158,500.3,0.4529,25,130,5,0.2,0.459356,0.152618,20.208,1.220,0.141611,0.023174
159,500.4,0.4507,20,160,5,0.2,0.246537,0.730928,74.437,1.481,0.682789,0.032666
160,750.2,0.4484,25,130,5,0.05,0.775080,-0.002547,14.178,0.957,-0.002547,0.024641
161,750.3,0.4462,25,130,5,0.1,0.450346,0.124515,42.377,1.351,0.106968,0.019307
162,750.4,0.4440,25,50,10,0.05,0.144778,0.084066,22.701,0.259,0.084066,0.025025
163,250.2,0.4417,25,70,5,0.1,0.798358,-0.010973,1.079,0.438,-0.010973,0.016937
164,250.3,0.4395,25,70,10,0.1,0.367367,-0.171230,3.075,0.537,-0.171230,0.019313
165,250.4,0.4373,20,160,8,0.2,0.268368,0.373332,21.168,1.493,0.324057,0.030193
166,500.2,0.4351,25,100,8,0.1,0.785650,0.002782,6.341,0.960,0.002782,0.020307
167,500.3,0.4330,25,130,5,0.2,0.459356,0.152618,20.112,1.214,0.141902,0.015664
168,500.4,0.4308,20,50,3,0.2,0.131567,-0.076272,7.913,0.157,-0.076272,0.018115
169,750.2,0.4286,10,50,5,0.05,0.759166,-0.023026,1.089,0.074,-0.023026,0.020295
170,750.3,0.4265,25,130,5,0.1,0.450346,0.124515,42.381,1.351,0.106962,0.020741
171,750.4,0.4244,25,160,3,0.2,0.241148,0.805663,195.219,2.231,0.682599,0.020951
172,250.2,0.4223,20,50,3,0.2,0.791521,-0.019443,0.403,0.164,-0.019443,0.015812
173,250.3,0.4201,20,160,8,0.2,0.532182,0.200588,7.859,1.371,0.182015,0.021708
174,250.4,0.4180,20,50,3,0.05,0.182011,-0.068589,2.288,0.161,-0.068589,0.025018
175,500.2,0.4159,25,100,8,0.1,0.785650,0.002782,6.428,0.973,0.002782,0.021971
176,500.3,0.4139,10,70,10,0.1,0.315575,-0.208157,1.740,0.105,-0.208157,0.014813
177,500.4,0.4118,20,160,5,0.2,0.246537,0.730928,73.180,1.456,0.685291,0.022810
178,750.2,0.4097,30,160,5,0.05,0.779998,0.003783,22.038,1.488,-0.045009,0.016899
179,750.3,0.4077,25,160,10,0.2,0.490181,0.223982,67.059,2.138,0.167094,0.023709
180,750.4,0.4057,40,130,3,0.2,0.227936,0.706733,220.067,2.515,0.555276,0.026619
181,250.2,0.4036,20,160,3,0.2,0.803877,-0.004136,1.674,0.680,-0.004136,0.024577
182,250.3,0.4016,25,160,8,0.05,0.534969,0.206875,9.422,1.644,0.174660,0.018691
183,250.4,0.3996,20,160,5,0.2,0.275067,0.407609,23.618,1.666,0.341054,0.020813
184,500.2,0.3976,25,100,3,0.1,0.781601,-0.002386,4.678,0.708,-0.002386,0.019592
185,500.3,0.3956,25,160,10,0.2,0.497267,0.247747,35.548,2.146,0.190431,0.018812
186,500.4,0.3936,20,160,5,0.2,0.246537,0.730928,73.236,1.457,0.685179,0.010882
187,750.2,0.3917,25,50,3,0.05,0.773300,-0.004836,3.301,0.223,-0.004836,0.017818
188,750.3,0.3897,25,160,10,0.2,0.490181,0.223982,66.691,2.126,0.167680,0.029708
189,750.4,0.3878,20,160,5,0.2,0.242933,0.819024,130.938,1.496,0.769410,0.017644
190,250.2,0.3858,30,50,5,0.05,0.804479,-0.003390,0.895,0.364,-0.003390,0.024524
191,250.3,0.3839,25,160,8,0.2,0.533201,0.202886,10.404,1.816,0.162101,0.019719
192,250.4,0.3820,30,100,10,0.1,0.202873,0.038170,15.173,1.070,0.031166,0.016662
193,500.2,0.3801,25,100,8,0.1,0.785650,0.002782,6.316,0.956,0.002782,0.019665
194,500.3,0.3782,25,160,10,0.2,0.497267,0.247747,35.242,2.128,0.191355,0.014210
195,500.4,0.3763,15,30,8,0.1,0.121162,-0.149323,2.495,0.050,-0.149323,0.019782
196,750.2,0.3744,25,130,10,0.1,0.776074,-0.001266,17.229,1.163,-0.017589,0.016579
197,750.3,0.3725,20,50,10,0.05,0.252780,-0.368809,6.234,0.199,-0.368809,0.024227
198,750.4,0.3707,20,70,8,0.2,0.135588,0.015251,27.548,0.315,0.015251,0.035372
199,250.2,0.3688,20,160,3,0.2,0.803877,-0.004136,1.533,0.623,-0.004136,0.014436
200,250.3,0.3670,10,130,5,0.05,0.493130,0.112488,1.977,0.345,0.112488,0.018301
201,250.4,0.3651,25,100,5,0.2,0.188088,-0.037488,10.490,0.740,-0.037488,0.026771
202,500.2,0.3633,25,100,8,0.1,0.785650,0.002782,6.881,1.042,-0.001424,0.016884
203,500.3,0.3615,25,160,10,0.2,0.497267,0.247747,35.514,2.144,0.190534,0.030406
204,500.4,0.3597,20,160,5,0.2,0.246537,0.730928,74.124,1.475,0.683413,0.011001
205,750.2,0.3579,20,50,10,0.2,0.771182,-0.007563,3.748,0.253,-0.007563,0.027201
206,750.3,0.3561,40,130,8,0.1,0.454649,0.135261,84.431,2.692,0.050682,0.020361
207,750.4,0.3543,25,160,5,0.2,0.241682,0.809657,179.089,2.046,0.705025,0.014016
208,250.2,0.3525,40,130,8,0.1,0.812337,0.006345,5.373,2.183,-0.111951,0.019933
209,250.3,0.3508,15,160,8,0.2,0.529015,0.193443,5.198,0.907,0.193443,0.017523
210,250.4,0.3490,20,50,3,0.2,0.184705,-0.054800,2.016,0.142,-0.054800,0.010970
211,500.2,0.3473,10,160,5,0.05,0.196055,-0.749761,0.465,0.070,-0.749761,0.013008
212,500.3,0.3455,25,70,8,0.05,0.317233,-0.203997,7.273,0.439,-0.203997,0.015557
213,500.4,0.3438,20,160,5,0.2,0.246537,0.730928,73.095,1.455,0.685460,0.013830
214,750.2,0.3421,20,50,8,0.05,0.770361,-0.008619,2.950,0.199,-0.008619,0.022361
215,750.3,0.3404,25,160,8,0.2,0.483818,0.208095,62.237,1.984,0.158892,0.021052
216,750.4,0.3387,10,30,8,0.2,0.119378,-0.106122,2.947,0.034,-0.106122,0.014458
217,250.2,0.3370,20,160,3,0.2,0.803877,-0.004136,1.503,0.611,-0.004136,0.018554
218,250.3,0.3353,15,160,8,0.2,0.529015,0.193443,5.196,0.907,0.193443,0.019723
219,250.4,0.3336,15,160,8,0.2,0.269890,0.381117,16.579,1.169,0.364204,0.020032
220,500.2,0.3320,10,130,8,0.1,0.770127,-0.017031,1.789,0.271,-0.017031,0.022009
221,500.3,0.3303,25,160,10,0.2,0.497267,0.247747,35.432,2.139,0.190781,0.015876
222,500.4,0.3286,20,160,5,0.2,0.246537,0.730928,73.363,1.460,0.684927,0.012985
223,750.2,0.3270,25,50,3,0.05,0.773300,-0.004836,3.555,0.240,-0.004836,0.015943
224,750.3,0.3254,25,30,3,0.1,0.178633,-0.553954,3.686,0.118,-0.553954,0.021678
225,750.4,0.3237,20,160,5,0.2,0.242933,0.819024,131.446,1.502,0.768830,0.014416
226,250.2,0.3221,20,160,10,0.2,0.807492,0.000343,2.634,1.070,-0.006655,0.016812
227,250.3,0.3205,20,160,8,0.2,0.532182,0.200588,8.021,1.400,0.180596,0.013847
228,250.4,0.3189,30,70,3,0.05,0.183002,-0.063517,7.728,0.545,-0.063517,0.014896
229,500.2,0.3173,25,130,5,0.2,0.784907,0.001834,6.028,0.913,0.001834,0.023021
230,500.3,0.3157,25,160,10,0.2,0.497267,0.247747,35.719,2.157,0.189914,0.018166
231,500.4,0.3141,20,160,5,0.2,0.246537,0.730928,73.382,1.460,0.684889,0.027683
232,750.2,0.3126,30,100,8,0.2,0.777429,0.000477,14.745,0.996,0.000477,0.011777
233,750.3,0.3110,25,160,10,0.2,0.490181,0.223982,66.509,2.120,0.167970,0.035518
234,750.4,0.3095,20,160,5,0.2,0.242933,0.819024,139.066,1.589,0.760123,0.020103
235,250.2,0.3079,20,160,10,0.2,0.807492,0.000343,3.089,1.255,-0.025148,0.023242
236,250.3,0.3064,20,160,8,0.2,0.532182,0.200588,7.942,1.386,0.181288,0.013583
237,250.4,0.3048,15,70,3,0.05,0.176778,-0.095368,2.935,0.207,-0.095368,0.022066
238,500.2,0.3033,30,30,5,0.05,0.759446,-0.030664,1.928,0.292,-0.030664,0.023636
239,500.3,0.3018,25,160,10,0.2,0.497267,0.247747,35.409,2.138,0.190851,0.019247
240,500.4,0.3003,20,160,5,0.2,0.246537,0.730928,73.194,1.457,0.685263,0.013077
241,750.2,0.2988,25,50,5,0.05,0.772439,-0.005944,3.763,0.254,-0.005944,0.021022
242,750.3,0.2973,20,160,8,0.2,0.485102,0.211302,51.716,1.649,0.178870,0.010281
243,750.4,0.2958,20,160,5,0.2,0.242933,0.819024,130.896,1.496,0.769458,0.013853
244,250.2,0.2943,15,70,5,0.1,0.800092,-0.008824,0.464,0.188,-0.008824,0.011351
245,250.3,0.2929,15,160,5,0.1,0.519485,0.171943,4.374,0.763,0.171943,0.011830
246,250.4,0.2914,20,160,8,0.2,0.268368,0.373332,21.209,1.496,0.323768,0.017774
247,500.2,0.2899,15,70,8,0.1,0.778184,-0.006748,1.732,0.262,-0.006748,0.021407
248,500.3,0.2885,40,70,10,0.1,0.321549,-0.193168,16.954,1.024,-0.194352,0.018677
249,500.4,0.2870,20,160,5,0.2,0.246537,0.730928,73.680,1.466,0.684296,0.015109
250,750.2,0.2856,25,50,5,0.05,0.772439,-0.005944,4.024,0.272,-0.005944,0.024606
251,750.3,0.2842,10,100,8,0.2,0.377717,-0.056839,5.999,0.191,-0.056839,0.021148
252,750.4,0.2828,10,50,3,0.2,0.116391,-0.128491,4.815,0.055,-0.128491,0.020811
253,250.2,0.2813,20,160,10,0.2,0.807492,0.000343,2.977,1.210,-0.020613,0.021592
254,250.3,0.2799,20,160,8,0.2,0.532182,0.200588,7.673,1.339,0.183632,0.012044
255,250.4,0.2785,20,130,5,0.2,0.268195,0.372444,14.648,1.033,0.369143,0.011619
256,500.2,0.2771,30,160,10,0.1,0.786895,0.004371,12.523,1.896,-0.085273,0.017435
257,500.3,0.2758,30,100,10,0.05,0.406743,0.020602,19.798,1.195,0.010833,0.016485
258,500.4,0.2744,20,160,5,0.2,0.246537,0.730928,73.408,1.461,0.684836,0.025037
259,750.2,0.2730,25,100,8,0.05,0.776974,-0.000109,10.768,0.727,-0.000109,0.007866
260,750.3,0.2716,25,160,10,0.2,0.490181,0.223982,66.286,2.113,0.168325,0.010975
261,750.4,0.2703,15,70,10,0.2,0.132460,-0.008172,16.589,0.190,-0.008172,0.011358
262,250.2,0.2689,20,160,10,0.2,0.807492,0.000343,3.092,1.256,-0.025272,0.012755
263,250.3,0.2676,20,160,8,0.2,0.532182,0.200588,7.783,1.358,0.182676,0.024475
264,250.4,0.2663,20,130,5,0.05,0.268357,0.373273,12.189,0.860,0.373273,0.013464
265,500.2,0.2649,25,100,8,0.05,0.783057,-0.000527,5.992,0.907,-0.000527,0.019353
266,500.3,0.2636,10,70,8,0.1,0.288048,-0.277229,1.715,0.104,-0.277229,0.018220
267,500.4,0.2623,25,130,3,0.2,0.230778,0.620289,57.434,1.143,0.605988,0.024965
268,750.2,0.2610,30,50,5,0.05,0.778759,0.002189,5.650,0.381,0.002189,0.010783
269,750.3,0.2597,25,160,10,0.2,0.490181,0.223982,67.201,2.142,0.166867,0.027597
270,750.4,0.2584,30,70,10,0.2,0.135414,0.013945,50.750,0.580,0.013945,0.013448
271,250.2,0.2571,30,160,10,0.2,0.812047,0.005986,4.159,1.690,-0.062981,0.027587
272,250.3,0.2558,20,130,5,0.1,0.504376,0.137859,4.718,0.823,0.137859,0.009501
273,250.4,0.2545,15,160,8,0.2,0.269890,0.381117,16.531,1.166,0.364537,0.024274
274,500.2,0.2532,30,100,8,0.05,0.783214,-0.000327,7.488,1.134,-0.013719,0.020755
275,500.3,0.2520,40,130,5,0.2,0.456867,0.146373,45.999,2.777,0.057506,0.016869
276,500.4,0.2507,30,30,10,0.05,0.126330,-0.113038,7.719,0.154,-0.113038,0.017656
277,750.2,0.2495,10,100,3,0.2,0.763522,-0.017420,2.123,0.143,-0.017420,0.032729
278,750.3,0.2482,25,160,10,0.2,0.490181,0.223982,67.010,2.136,0.167171,0.013526
279,750.4,0.2470,20,160,5,0.2,0.242933,0.819024,132.521,1.514,0.767601,0.015649
280,250.2,0.2457,30,160,10,0.2,0.812047,0.005986,4.509,1.832,-0.077200,0.021975
281,250.3,0.2445,20,160,8,0.2,0.532182,0.200588,7.738,1.350,0.183065,0.020154
282,250.4,0.2433,15,160,8,0.2,0.269890,0.381117,16.421,1.158,0.365315,0.016412
283,500.2,0.2421,30,100,8,0.05,0.783214,-0.000327,7.177,1.087,-0.009009,0.013069
284,500.3,0.2409,25,160,10,0.2,0.497267,0.247747,35.555,2.147,0.190409,0.012039
285,500.4,0.2397,20,160,5,0.2,0.246537,0.730928,73.605,1.465,0.684446,0.025896
286,750.2,0.2385,30,100,5,0.05,0.779284,0.002865,12.930,0.873,0.002865,0.012044
287,750.3,0.2373,25,160,10,0.2,0.490181,0.223982,66.635,2.124,0.167769,0.014366
288,750.4,0.2361,20,160,5,0.2,0.242933,0.819024,130.892,1.496,0.769462,0.009775
289,250.2,0.2349,20,160,3,0.2,0.803877,-0.004136,1.683,0.684,-0.004136,0.010583
290,250.3,0.2337,20,160,8,0.2,0.532182,0.200588,7.734,1.350,0.183098,0.023657
291,250.4,0.2326,15,160,8,0.2,0.269890,0.381117,16.463,1.161,0.365018,0.018858
292,500.2,0.2314,25,100,8,0.1,0.785650,0.002782,6.419,0.972,0.002782,0.012964
293,500.3,0.2302,25,160,10,0.2,0.497267,0.247747,35.503,2.144,0.190566,0.011206
294,500.4,0.2291,20,160,5,0.2,0.246537,0.730928,73.261,1.458,0.685131,0.017919
295,750.2,0.2279,20,130,5,0.2,0.775417,-0.002113,10.572,0.714,-0.002113,0.013045
296,750.3,0.2268,25,160,10,0.2,0.490181,0.223982,66.598,2.123,0.167829,0.012341
297,750.4,0.2257,20,160,5,0.2,0.242933,0.819024,131.688,1.505,0.768553,0.017716
298,250.2,0.2245,20,160,3,0.2,0.803877,-0.004136,1.500,0.609,-0.004136,0.008127
299,250.3,0.2234,20,160,8,0.2,0.532182,0.200588,8.239,1.438,0.178691,0.013208
300,250.4,0.2223,15,160,8,0.2,0.269890,0.381117,16.295,1.149,0.366204,0.012048
301,500.2,0.2212,25,100,3,0.1,0.781601,-0.002386,4.680,0.709,-0.002386,0.012249
302,500.3,0.2201,25,160,10,0.2,0.497267,0.247747,35.569,2.148,0.190368,0.015690
303,500.4,0.2190,30,100,8,0.1,0.137601,-0.033907,44.157,0.879,-0.033907,0.022241
304,750.2,0.2179,20,130,5,0.2,0.775417,-0.002113,10.513,0.710,-0.002113,0.010211
305,750.3,0.2168,25,160,10,0.2,0.490181,0.223982,66.738,2.128,0.167604,0.016147
306,750.4,0.2157,20,160,5,0.2,0.242933,0.819024,130.894,1.496,0.769460,0.017590
307,250.2,0.2146,20,100,3,0.05,0.798692,-0.010559,0.942,0.383,-0.010559,0.015626
308,250.3,0.2136,40,50,10,0.05,0.300744,-0.321529,3.676,0.642,-0.321529,0.021005
309,250.4,0.2125,15,160,8,0.2,0.269890,0.381117,16.498,1.163,0.364773,0.012529
310,500.2,0.2114,25,100,3,0.05,0.782847,-0.000795,4.891,0.741,-0.000795,0.012823
311,500.3,0.2104,25,160,10,0.2,0.497267,0.247747,35.412,2.138,0.190841,0.011795
312,500.4,0.2093,20,160,5,0.2,0.246537,0.730928,73.155,1.456,0.685342,0.017986
313,750.2,0.2083,20,130,5,0.2,0.775417,-0.002113,10.354,0.699,-0.002113,0.008922
314,750.3,0.2072,25,160,10,0.2,0.490181,0.223982,67.188,2.142,0.166888,0.015156
315,750.4,0.2062,20,160,5,0.2,0.242933,0.819024,131.593,1.504,0.768662,0.015861
316,250.2,0.2052,20,160,10,0.2,0.807492,0.000343,2.682,1.090,-0.008617,0.013001
317,250.3,0.2041,20,160,8,0.2,0.532182,0.200588,7.931,1.384,0.181378,0.014363
318,250.4,0.2031,10,50,8,0.05,0.184684,-0.054910,0.848,0.060,-0.054910,0.008365
319,500.2,0.2021,25,100,8,0.1,0.785650,0.002782,6.445,0.976,0.002782,0.015268
320,500.3,0.2011,25,160,10,0.2,0.497267,0.247747,35.518,2.145,0.190520,0.008531
321,500.4,0.2001,20,160,5,0.2,0.246537,0.730928,73.054,1.454,0.685542,0.016628
322,750.2,0.1991,25,50,5,0.05,0.772439,-0.005944,3.544,0.239,-0.005944,0.011217
323,750.3,0.1981,25,160,10,0.2,0.490181,0.223982,67.166,2.141,0.166923,0.014311
324,750.4,0.1971,20,160,5,0.2,0.242933,0.819024,130.799,1.495,0.769568,0.014690
325,250.2,0.1961,20,70,3,0.05,0.796560,-0.013200,0.747,0.303,-0.013200,0.008824
326,250.3,0.1951,25,70,8,0.2,0.375768,-0.152277,2.231,0.389,-0.152277,0.011336
327,250.4,0.1942,20,130,3,0.05,0.257912,0.319822,12.924,0.911,0.319822,0.008781
328,500.2,0.1932,25,100,8,0.1,0.785650,0.002782,6.359,0.963,0.002782,0.017583
329,500.3,0.1922,25,160,10,0.2,0.497267,0.247747,35.242,2.128,0.191356,0.008908
330,500.4,0.1913,20,160,5,0.2,0.246537,0.730928,73.334,1.459,0.684985,0.011456
331,750.2,0.1903,25,50,5,0.05,0.772439,-0.005944,3.672,0.248,-0.005944,0.015095
332,750.3,0.1893,25,160,10,0.2,0.490181,0.223982,67.027,2.137,0.167144,0.010674
333,750.4,0.1884,20,160,5,0.2,0.242933,0.819024,132.027,1.509,0.768166,0.007656
334,250.2,0.1875,20,100,3,0.1,0.800726,-0.008039,0.944,0.384,-0.008039,0.007127
335,250.3,0.1865,20,160,3,0.2,0.530514,0.196825,6.594,1.151,0.189283,0.010457
336,250.4,0.1856,20,130,3,0.05,0.257912,0.319822,13.309,0.939,0.319822,0.014500
337,500.2,0.1847,10,50,8,0.05,0.768892,-0.018608,0.510,0.077,-0.018608,0.022928
338,500.3,0.1837,25,160,10,0.2,0.497267,0.247747,35.433,2.139,0.190776,0.015679
339,500.4,0.1828,20,160,5,0.2,0.246537,0.730928,73.287,1.459,0.685077,0.009760
340,750.2,0.1819,40,160,3,0.1,0.779319,0.002909,32.411,2.188,-0.115924,0.011471
341,750.3,0.1810,20,30,3,0.1,0.182689,-0.543826,2.462,0.078,-0.543826,0.009975
342,750.4,0.1801,20,160,5,0.2,0.242933,0.819024,133.035,1.520,0.767014,0.011360
343,250.2,0.1792,20,160,3,0.2,0.803877,-0.004136,1.799,0.731,-0.004136,0.007841
344,250.3,0.1783,20,160,3,0.2,0.530514,0.196825,6.569,1.146,0.189502,0.017210
345,250.4,0.1774,30,100,5,0.05,0.200236,0.024676,12.652,0.892,0.024676,0.018875
346,500.2,0.1765,30,100,5,0.1,0.783728,0.000329,6.815,1.032,-0.002872,0.015590
347,500.3,0.1756,25,160,10,0.2,0.497267,0.247747,35.455,2.141,0.190711,0.015763
348,500.4,0.1748,25,160,8,0.1,0.255783,0.795844,106.861,2.127,0.683178,0.011039
349,750.2,0.1739,25,50,5,0.05,0.772439,-0.005944,3.978,0.269,-0.005944,0.016699
350,750.3,0.1730,25,70,5,0.05,0.329996,-0.175999,12.516,0.399,-0.175999,0.007910
351,750.4,0.1721,20,160,5,0.2,0.242933,0.819024,132.789,1.517,0.767295,0.008994
352,250.2,0.1713,20,160,3,0.2,0.803877,-0.004136,1.507,0.612,-0.004136,0.004184
353,250.3,0.1704,20,160,3,0.2,0.530514,0.196825,6.559,1.145,0.189593,0.011951
354,250.4,0.1696,20,130,3,0.05,0.257912,0.319822,13.263,0.935,0.319822,0.011681
355,500.2,0.1687,25,100,3,0.1,0.781601,-0.002386,4.400,0.666,-0.002386,0.009580
356,500.3,0.1679,25,160,10,0.2,0.497267,0.247747,35.716,2.156,0.189924,0.007671
357,500.4,0.1670,20,160,5,0.2,0.246537,0.730928,73.681,1.466,0.684295,0.015713
358,750.2,0.1662,25,50,5,0.05,0.772439,-0.005944,3.977,0.269,-0.005944,0.014587
359,750.3,0.1654,25,160,3,0.2,0.487427,0.217107,53.122,1.693,0.182433,0.010353
360,750.4,0.1646,20,160,5,0.2,0.242933,0.819024,131.034,1.497,0.769300,0.009598
361,250.2,0.1637,20,160,3,0.2,0.803877,-0.004136,1.733,0.704,-0.004136,0.009453
362,250.3,0.1629,20,160,3,0.2,0.530514,0.196825,6.509,1.136,0.190031,0.005742
363,250.4,0.1621,15,160,8,0.2,0.269890,0.381117,16.361,1.154,0.365738,0.010988
364,500.2,0.1613,25,100,3,0.1,0.781601,-0.002386,4.717,0.714,-0.002386,0.010586
365,500.3,0.1605,25,160,10,0.2,0.497267,0.247747,35.558,2.147,0.190400,0.006620
366,500.4,0.1597,20,160,5,0.2,0.246537,0.730928,73.103,1.455,0.685444,0.009135
367,750.2,0.1589,25,100,5,0.05,0.774802,-0.002904,9.979,0.674,-0.002904,0.009542
368,750.3,0.1581,25,160,10,0.2,0.490181,0.223982,68.204,2.174,0.165268,0.014340
369,750.4,0.1573,20,160,5,0.2,0.242933,0.819024,130.947,1.496,0.769400,0.005151
370,250.2,0.1565,20,100,8,0.1,0.805929,-0.001594,1.156,0.469,-0.001594,0.012662
371,250.3,0.1557,20,160,8,0.2,0.532182,0.200588,8.274,1.444,0.178392,0.008061
372,250.4,0.1549,30,160,10,0.1,0.280511,0.435469,44.423,3.133,0.222199,0.013035
373,500.2,0.1542,25,100,3,0.1,0.781601,-0.002386,4.699,0.712,-0.002386,0.010333
374,500.3,0.1534,25,160,10,0.2,0.497267,0.247747,34.988,2.112,0.192122,0.010903
375,500.4,0.1526,20,160,5,0.2,0.246537,0.730928,71.870,1.430,0.687898,0.007602
376,750.2,0.1519,25,50,5,0.05,0.772439,-0.005944,3.900,0.263,-0.005944,0.004923
377,750.3,0.1511,25,160,10,0.2,0.490181,0.223982,70.656,2.252,0.161360,0.014280
378,750.4,0.1504,20,160,5,0.2,0.242933,0.819024,132.843,1.518,0.767234,0.004371
379,250.2,0.1496,20,100,8,0.1,0.805929,-0.001594,1.140,0.463,-0.001594,0.007189
380,250.3,0.1489,20,160,8,0.2,0.532182,0.200588,7.995,1.395,0.180823,0.011191
381,250.4,0.1481,20,160,3,0.2,0.266696,0.364774,20.128,1.419,0.322832,0.012752
382,500.2,0.1474,10,160,3,0.1,0.138201,-0.823605,0.573,0.087,-0.823605,0.014992
383,500.3,0.1466,25,160,10,0.2,0.497267,0.247747,34.940,2.110,0.192267,0.005445
384,500.4,0.1459,20,160,5,0.05,0.248831,0.747034,79.589,1.584,0.688642,0.017937
385,750.2,0.1452,25,100,3,0.05,0.777088,0.000038,8.151,0.550,0.000038,0.012581
386,750.3,0.1444,25,160,10,0.2,0.490181,0.223982,75.894,2.419,0.153010,0.018989
387,750.4,0.1437,20,160,5,0.2,0.242933,0.819024,181.339,2.072,0.711821,0.009979
388,250.2,0.1430,20,70,3,0.05,0.796560,-0.013200,1.037,0.421,-0.013200,0.015594
389,250.3,0.1423,20,160,3,0.2,0.530514,0.196825,8.938,1.560,0.168836,0.008323
390,250.4,0.1416,20,130,5,0.05,0.268357,0.373273,16.732,1.180,0.355277,0.009876
391,500.2,0.1409,25,100,3,0.1,0.781601,-0.002386,5.883,0.891,-0.002386,0.008525
392,500.3,0.1402,25,160,10,0.2,0.497267,0.247747,52.577,3.175,0.139021,0.010425
393,500.4,0.1395,20,160,5,0.2,0.246537,0.730928,251.523,5.006,0.330367,0.017048
394,750.2,0.1388,25,50,5,0.05,0.772439,-0.005944,5.701,0.385,-0.005944,0.010632
395,750.3,0.1381,25,160,8,0.2,0.483818,0.208095,69.170,2.205,0.147842,0.014513
396,750.4,0.1374,20,160,5,0.2,0.242933,0.819024,184.205,2.105,0.708546,0.008308
397,250.2,0.1367,20,70,3,0.05,0.796560,-0.013200,0.767,0.312,-0.013200,0.009079
398,250.3,0.1360,20,160,8,0.2,0.532182,0.200588,7.715,1.346,0.183266,0.012918
399,250.4,0.1353,20,130,3,0.05,0.257912,0.319822,21.581,1.522,0.267633,0.014426
400,500.2,0.1347,25,100,3,0.1,0.781601,-0.002386,4.813,0.729,-0.002386,0.007528
401,500.3,0.1340,25,160,10,0.2,0.497267,0.247747,34.880,2.106,0.192446,0.009084
402,500.4,0.1333,15,160,10,0.2,0.245289,0.722168,52.148,1.038,0.718387,0.019252
403,750.2,0.1326,25,70,5,0.05,0.772896,-0.005357,6.631,0.448,-0.005357,0.012931
404,750.3,0.1320,25,160,8,0.2,0.483818,0.208095,60.792,1.938,0.161196,0.010699
405,750.4,0.1313,30,30,10,0.1,0.123200,-0.077505,15.445,0.176,-0.077505,0.010940
406,250.2,0.1307,20,160,10,0.2,0.807492,0.000343,2.692,1.094,-0.009028,0.015354
407,250.3,0.1300,20,160,8,0.2,0.532182,0.200588,8.147,1.422,0.179494,0.010256
408,250.4,0.1294,20,160,3,0.2,0.266696,0.364774,31.283,2.206,0.244162,0.007723
409,500.2,0.1287,25,100,10,0.1,0.783599,0.000165,6.167,0.934,0.000165,0.017520
410,500.3,0.1281,25,160,10,0.2,0.497267,0.247747,34.863,2.105,0.192499,0.011043
411,500.4,0.1274,15,100,3,0.2,0.130367,-0.084695,11.945,0.238,-0.084695,0.012638
412,750.2,0.1268,25,100,8,0.1,0.775714,-0.001729,10.208,0.689,-0.001729,0.015605
413,750.3,0.1262,25,160,10,0.2,0.490181,0.223982,65.005,2.072,0.170367,0.010411
414,750.4,0.1255,20,160,5,0.2,0.242933,0.819024,133.991,1.531,0.765921,0.017177
415,250.2,0.1249,20,50,3,0.05,0.795506,-0.014506,0.747,0.303,-0.014506,0.007196
416,250.3,0.1243,25,160,8,0.2,0.533201,0.202886,31.556,5.507,-0.022471,0.005335
417,250.4,0.1237,15,160,8,0.2,0.269890,0.381117,25.161,1.774,0.303680,0.012215
418,500.2,0.1230,25,100,8,0.1,0.785650,0.002782,9.919,1.502,-0.047428,0.013548
419,500.3,0.1224,25,160,10,0.2,0.497267,0.247747,57.695,3.484,0.123571,0.017358
420,500.4,0.1218,20,160,5,0.2,0.246537,0.730928,98.249,1.955,0.635401,0.005111
421,750.2,0.1212,25,50,5,0.05,0.772439,-0.005944,4.916,0.332,-0.005944,0.008079
422,750.3,0.1206,30,50,10,0.1,0.257079,-0.358072,14.398,0.459,-0.358072,0.007752
423,750.4,0.1200,20,160,5,0.2,0.242933,0.819024,176.114,2.012,0.717791,0.019940
424,250.2,0.1194,20,100,8,0.1,0.805929,-0.001594,1.312,0.533,-0.001594,0.009427
425,250.3,0.1188,20,160,8,0.2,0.532182,0.200588,18.838,3.288,0.086207,0.008133
426,250.4,0.1182,15,130,5,0.05,0.253741,0.298478,10.055,0.709,0.298478,0.014517
427,500.2,0.1176,25,100,8,0.1,0.785650,0.002782,7.585,1.149,-0.012084,0.014242
428,500.3,0.1170,25,160,10,0.2,0.497267,0.247747,38.848,2.346,0.180469,0.007731
429,500.4,0.1164,20,160,5,0.2,0.246537,0.730928,80.706,1.606,0.670314,0.010088
430,750.2,0.1159,25,50,5,0.05,0.772439,-0.005944,4.099,0.277,-0.005944,0.008673
431,750.3,0.1153,25,160,10,0.2,0.490181,0.223982,71.800,2.289,0.159537,0.016341
432,750.4,0.1147,20,160,5,0.2,0.242933,0.819024,156.770,1.791,0.739894,0.014052
433,250.2,0.1141,20,160,3,0.2,0.803877,-0.004136,2.338,0.950,-0.004136,0.010210
434,250.3,0.1136,20,160,3,0.2,0.530514,0.196825,7.673,1.339,0.179869,0.010532
435,250.4,0.1130,15,130,5,0.05,0.253741,0.298478,9.128,0.644,0.298478,0.005422
436,500.2,0.1124,25,100,3,0.1,0.781601,-0.002386,5.261,0.797,-0.002386,0.017062
437,500.3,0.1119,25,160,10,0.2,0.497267,0.247747,38.921,2.350,0.180248,0.012850
438,500.4,0.1113,20,160,5,0.2,0.246537,0.730928,80.948,1.611,0.669832,0.011451
439,750.2,0.1107,25,50,3,0.05,0.773300,-0.004836,4.237,0.286,-0.004836,0.015740
440,750.3,0.1102,25,160,8,0.2,0.483818,0.208095,66.610,2.123,0.151922,0.008237
441,750.4,0.1096,20,160,5,0.2,0.242933,0.819024,137.968,1.576,0.761378,0.018159
442,250.2,0.1091,20,160,10,0.2,0.807492,0.000343,3.300,1.341,-0.033733,0.010546
443,250.3,0.1085,20,160,10,0.1,0.536061,0.209338,8.666,1.512,0.183721,0.018066
444,250.4,0.1080,20,50,3,0.1,0.189044,-0.032597,2.477,0.175,-0.032597,0.021530
445,500.2,0.1075,15,160,3,0.05,0.777995,-0.006988,3.760,0.569,-0.006988,0.006565
446,500.3,0.1069,25,160,10,0.2,0.497267,0.247747,38.074,2.299,0.182805,0.011016
447,500.4,0.1064,20,160,5,0.2,0.246537,0.730928,78.026,1.553,0.675647,0.013362
448,750.2,0.1059,25,50,5,0.05,0.772439,-0.005944,3.969,0.268,-0.005944,0.022754
449,750.3,0.1053,25,160,8,0.2,0.483818,0.208095,70.968,2.262,0.144975,0.010938
450,750.4,0.1048,30,50,5,0.05,0.131088,-0.018440,32.176,0.368,-0.018440,0.011807
451,250.2,0.1043,20,160,10,0.2,0.807492,0.000343,3.672,1.492,-0.048846,0.004620
452,250.3,0.1038,20,160,3,0.2,0.530514,0.196825,7.639,1.333,0.180166,0.008393
453,250.4,0.1032,15,160,8,0.2,0.269890,0.381117,17.751,1.252,0.355937,0.011603
454,500.2,0.1027,15,50,8,0.05,0.778523,-0.006315,1.049,0.159,-0.006315,0.005662
455,500.3,0.1022,25,160,10,0.2,0.497267,0.247747,37.894,2.288,0.183349,0.011204
456,500.4,0.1017,20,160,5,0.2,0.246537,0.730928,78.376,1.560,0.674951,0.012879
457,750.2,0.1012,15,130,5,0.2,0.770336,-0.008652,7.498,0.506,-0.008652,0.010521
458,750.3,0.1007,25,160,10,0.2,0.490181,0.223982,70.694,2.254,0.161299,0.010596
459,750.4,0.1002,20,160,5,0.2,0.242933,0.819024,133.003,1.520,0.767051,0.007130
460,250.2,0.0997,20,70,3,0.05,0.796560,-0.013200,0.735,0.299,-0.013200,0.006220
461,250.3,0.0992,20,30,5,0.2,0.257710,-0.418613,0.492,0.086,-0.418613,0.008104
462,250.4,0.0987,15,160,8,0.2,0.269890,0.381117,15.936,1.124,0.368734,0.009969
463,500.2,0.0982,25,100,10,0.1,0.783599,0.000165,6.034,0.914,0.000165,0.010233
464,500.3,0.0977,25,70,3,0.1,0.302915,-0.239924,6.421,0.388,-0.239924,0.011507
465,500.4,0.0972,20,160,5,0.2,0.246537,0.730928,71.645,1.426,0.688345,0.008255
466,750.2,0.0967,15,130,5,0.2,0.770336,-0.008652,6.426,0.434,-0.008652,0.012769
467,750.3,0.0962,40,130,8,0.1,0.454649,0.135261,81.967,2.613,0.054610,0.005277
468,750.4,0.0958,20,160,5,0.2,0.242933,0.819024,126.943,1.450,0.773975,0.012735
469,250.2,0.0953,25,100,10,0.2,0.804742,-0.003064,1.779,0.723,-0.003064,0.012632
470,250.3,0.0948,20,160,3,0.2,0.530514,0.196825,6.241,1.089,0.192370,0.011872
471,250.4,0.0943,15,160,8,0.2,0.269890,0.381117,16.010,1.129,0.368214,0.012557
472,500.2,0.0939,30,100,5,0.05,0.785948,0.003163,6.534,0.989,0.003163,0.008362
473,500.3,0.0934,25,160,10,0.2,0.497267,0.247747,34.620,2.090,0.193232,0.016551
474,500.4,0.0929,20,160,5,0.2,0.246537,0.730928,71.000,1.413,0.689630,0.007763
475,750.2,0.0925,15,130,5,0.2,0.770336,-0.008652,6.317,0.426,-0.008652,0.011693
476,750.3,0.0920,25,160,8,0.2,0.483818,0.208095,60.545,1.930,0.161589,0.012754
477,750.4,0.0915,20,160,5,0.2,0.242933,0.819024,126.837,1.449,0.774096,0.005033
478,250.2,0.0911,10,100,8,0.2,0.790205,-0.021073,0.467,0.190,-0.021073,0.006843
479,250.3,0.0906,20,160,10,0.1,0.536061,0.209338,7.293,1.273,0.195700,0.007659
480,250.4,0.0902,15,160,8,0.2,0.269890,0.381117,15.897,1.121,0.369010,0.013251
481,500.2,0.0897,25,100,10,0.1,0.783599,0.000165,6.429,0.974,0.000165,0.007600
482,500.3,0.0893,25,160,10,0.2,0.497267,0.247747,34.537,2.085,0.193483,0.005738
483,500.4,0.0888,20,160,5,0.2,0.246537,0.730928,70.845,1.410,0.689938,0.009211
484,750.2,0.0884,25,100,8,0.05,0.776974,-0.000109,10.350,0.699,-0.000109,0.013237
485,750.3,0.0879,25,160,10,0.2,0.490181,0.223982,64.588,2.059,0.171032,0.008069
486,750.4,0.0875,20,160,5,0.2,0.242933,0.819024,127.059,1.452,0.773843,0.008264
487,250.2,0.0871,20,100,3,0.05,0.798692,-0.010559,1.186,0.482,-0.010559,0.009748
488,250.3,0.0866,20,160,3,0.2,0.530514,0.196825,6.496,1.134,0.190140,0.009482
489,250.4,0.0862,15,160,8,0.2,0.269890,0.381117,15.769,1.112,0.369912,0.009340
490,500.2,0.0858,25,100,3,0.1,0.781601,-0.002386,4.301,0.651,-0.002386,0.013857
491,500.3,0.0853,25,160,10,0.2,0.497267,0.247747,34.157,2.062,0.194630,0.012236
492,500.4,0.0849,20,130,5,0.05,0.236191,0.658288,45.973,0.915,0.658288,0.005644
493,750.2,0.0845,15,160,10,0.2,0.772781,-0.005504,10.894,0.736,-0.005504,0.005805
494,750.3,0.0841,25,160,8,0.2,0.483818,0.208095,60.683,1.935,0.161370,0.009831
495,750.4,0.0836,20,160,5,0.2,0.242933,0.819024,126.458,1.445,0.774529,0.010100
496,250.2,0.0832,20,100,3,0.05,0.798692,-0.010559,0.915,0.372,-0.010559,0.007466
497,250.3,0.0828,20,160,3,0.2,0.530514,0.196825,6.422,1.121,0.190789,0.009998
498,250.4,0.0824,15,160,8,0.2,0.269890,0.381117,15.903,1.121,0.368969,0.015772
499,500.2,0.0820,25,100,3,0.1,0.781601,-0.002386,4.271,0.647,-0.002386,0.013629
500,500.3,0.0816,25,160,10,0.2,0.497267,0.247747,34.372,2.075,0.193979,0.009307
501,500.4,0.0812,20,160,5,0.2,0.246537,0.730928,71.155,1.416,0.689321,0.008309
502,750.2,0.0808,20,70,3,0.05,0.770631,-0.008272,4.611,0.311,-0.008272,0.010505
503,750.3,0.0804,25,160,10,0.2,0.490181,0.223982,64.590,2.059,0.171029,0.004652
504,750.4,0.0800,20,160,5,0.2,0.242933,0.819024,126.365,1.444,0.774636,0.008846
505,250.2,0.0796,20,100,3,0.1,0.800726,-0.008039,0.894,0.363,-0.008039,0.009122
506,250.3,0.0792,20,160,3,0.2,0.530514,0.196825,6.149,1.073,0.193173,0.008641
507,250.4,0.0788,15,160,10,0.2,0.268656,0.374806,12.058,0.850,0.374806,0.019971
508,500.2,0.0784,25,100,3,0.1,0.781601,-0.002386,4.204,0.637,-0.002386,0.009281
509,500.3,0.0780,30,130,8,0.2,0.454797,0.141179,27.483,1.659,0.108210,0.009239
510,500.4,0.0776,20,160,5,0.2,0.246537,0.730928,70.569,1.404,0.690487,0.011027
511,750.2,0.0772,15,160,10,0.2,0.772781,-0.005504,10.437,0.705,-0.005504,0.008848
512,750.3,0.0768,25,160,10,0.2,0.490181,0.223982,64.910,2.069,0.170518,0.009818
513,750.4,0.0764,20,160,5,0.2,0.242933,0.819024,126.632,1.447,0.774330,0.008957
514,250.2,0.0760,20,100,3,0.05,0.798692,-0.010559,0.972,0.395,-0.010559,0.006507
515,250.3,0.0757,20,160,10,0.1,0.536061,0.209338,7.791,1.360,0.191358,0.021276
516,250.4,0.0753,15,160,10,0.2,0.268656,0.374806,11.687,0.824,0.374806,0.006809
517,500.2,0.0749,25,100,10,0.05,0.785927,0.003135,6.311,0.956,0.003135,0.010525
518,500.3,0.0745,25,160,10,0.2,0.497267,0.247747,34.160,2.063,0.194620,0.008901
519,500.4,0.0742,20,160,5,0.2,0.246537,0.730928,71.123,1.415,0.689385,0.008531
520,750.2,0.0738,25,100,5,0.2,0.776157,-0.001160,10.089,0.681,-0.001160,0.010384
521,750.3,0.0734,25,160,10,0.2,0.490181,0.223982,64.702,2.063,0.170849,0.007020
522,750.4,0.0731,20,160,5,0.2,0.242933,0.819024,126.860,1.450,0.774070,0.009524
523,250.2,0.0727,20,160,8,0.2,0.806565,-0.000806,2.581,1.049,-0.005660,0.011807
524,250.3,0.0723,20,160,10,0.1,0.536061,0.209338,7.439,1.298,0.194426,0.007412
525,250.4,0.0720,15,160,10,0.2,0.268656,0.374806,12.098,0.853,0.374806,0.003811
526,500.2,0.0716,25,70,3,0.05,0.782427,-0.001331,2.821,0.427,-0.001331,0.004221
527,500.3,0.0712,25,160,10,0.2,0.497267,0.247747,34.369,2.075,0.193990,0.005270
528,500.4,0.0709,20,160,5,0.2,0.246537,0.730928,70.728,1.408,0.690171,0.003437
529,750.2,0.0705,25,100,5,0.2,0.776157,-0.001160,10.045,0.678,-0.001160,0.004107
530,750.3,0.0702,25,160,8,0.2,0.483818,0.208095,60.380,1.925,0.161853,0.010528
531,750.4,0.0698,20,160,5,0.2,0.242933,0.819024,126.879,1.450,0.774048,0.012289
532,250.2,0.0695,15,160,8,0.2,0.795343,-0.014708,1.315,0.534,-0.014708,0.006380
533,250.3,0.0691,20,160,10,0.1,0.536061,0.209338,7.579,1.323,0.193208,0.009922
534,250.4,0.0688,40,160,8,0.05,0.279095,0.428223,57.801,4.076,0.120605,0.008262
535,500.2,0.0684,25,100,3,0.1,0.781601,-0.002386,4.477,0.678,-0.002386,0.005729
536,500.3,0.0681,25,160,10,0.2,0.497267,0.247747,34.411,2.078,0.193863,0.012708
537,500.4,0.0678,20,160,5,0.2,0.246537,0.730928,70.977,1.413,0.689676,0.012298
538,750.2,0.0674,25,50,5,0.05,0.772439,-0.005944,3.513,0.237,-0.005944,0.006368
539,750.3,0.0671,15,130,10,0.05,0.446576,0.115101,19.144,0.610,0.115101,0.009509
540,750.4,0.0668,20,160,5,0.2,0.242933,0.819024,126.807,1.449,0.774131,0.011941
541,250.2,0.0664,15,160,8,0.2,0.795343,-0.014708,1.337,0.543,-0.014708,0.016506
542,250.3,0.0661,40,130,5,0.1,0.502775,0.134247,12.409,2.166,0.075964,0.006402
543,250.4,0.0658,15,160,10,0.2,0.268656,0.374806,11.639,0.821,0.374806,0.009528
544,500.2,0.0654,30,100,5,0.1,0.783728,0.000329,6.066,0.919,0.000329,0.011313
545,500.3,0.0651,25,160,10,0.2,0.497267,0.247747,34.406,2.077,0.193876,0.008214
546,500.4,0.0648,20,160,5,0.2,0.246537,0.730928,70.639,1.406,0.690347,0.006891
547,750.2,0.0645,30,50,5,0.05,0.778759,0.002189,5.381,0.363,0.002189,0.008049
548,750.3,0.0641,25,160,10,0.2,0.490181,0.223982,64.341,2.051,0.171426,0.008020
549,750.4,0.0638,20,160,5,0.2,0.242933,0.819024,126.723,1.448,0.774226,0.007926
550,250.2,0.0635,15,130,3,0.2,0.798016,-0.011396,0.908,0.369,-0.011396,0.010635
551,250.3,0.0632,20,160,10,0.1,0.536061,0.209338,7.352,1.283,0.195188,0.008721
552,250.4,0.0629,15,160,10,0.2,0.268656,0.374806,12.036,0.849,0.374806,0.005672
553,500.2,0.0625,25,100,10,0.05,0.785927,0.003135,6.560,0.993,0.003135,0.003239
554,500.3,0.0622,25,160,10,0.2,0.497267,0.247747,34.515,2.084,0.193547,0.006528
555,500.4,0.0619,20,160,5,0.2,0.246537,0.730928,70.487,1.403,0.690651,0.007911
556,750.2,0.0616,25,100,3,0.05,0.777088,0.000038,7.692,0.519,0.000038,0.008164
557,750.3,0.0613,25,160,10,0.2,0.490181,0.223982,64.311,2.050,0.171474,0.009371
558,750.4,0.0610,20,160,5,0.2,0.242933,0.819024,126.732,1.448,0.774216,0.006475
559,250.2,0.0607,20,100,3,0.1,0.800726,-0.008039,1.370,0.556,-0.008039,0.010600
560,250.3,0.0604,20,160,10,0.1,0.536061,0.209338,7.340,1.281,0.195293,0.012733
561,250.4,0.0601,20,130,5,0.05,0.268357,0.373273,12.018,0.848,0.373273,0.008241
562,500.2,0.0598,25,100,10,0.05,0.785927,0.003135,6.052,0.916,0.003135,0.005665
563,500.3,0.0595,25,160,10,0.2,0.497267,0.247747,34.388,2.076,0.193932,0.007798
564,500.4,0.0592,20,160,5,0.2,0.246537,0.730928,70.697,1.407,0.690232,0.011302
565,750.2,0.0589,15,160,10,0.2,0.772781,-0.005504,10.444,0.705,-0.005504,0.007195
566,750.3,0.0586,15,70,5,0.05,0.324944,-0.188615,5.964,0.190,-0.188615,0.006369
567,750.4,0.0583,20,160,5,0.2,0.242933,0.819024,126.445,1.445,0.774544,0.012513
568,250.2,0.0580,20,160,3,0.2,0.803877,-0.004136,1.444,0.587,-0.004136,0.009847
569,250.3,0.0577,20,160,10,0.1,0.536061,0.209338,7.563,1.320,0.193342,0.003919
570,250.4,0.0574,15,160,8,0.2,0.269890,0.381117,15.872,1.119,0.369188,0.007330
571,500.2,0.0571,25,100,10,0.05,0.785927,0.003135,6.358,0.963,0.003135,0.011437
572,500.3,0.0569,25,160,10,0.2,0.497267,0.247747,34.502,2.083,0.193588,0.009676
573,500.4,0.0566,20,160,5,0.2,0.246537,0.730928,70.707,1.407,0.690212,0.008311
574,750.2,0.0563,15,160,10,0.2,0.772781,-0.005504,10.421,0.704,-0.005504,0.009520
575,750.3,0.0560,25,160,8,0.2,0.483818,0.208095,60.505,1.929,0.161653,0.004463
576,750.4,0.0557,20,160,5,0.2,0.242933,0.819024,126.496,1.445,0.774486,0.004479
577,250.2,0.0555,20,160,8,0.05,0.803957,-0.004036,2.457,0.998,-0.004036,0.012252
578,250.3,0.0552,20,160,10,0.1,0.536061,0.209338,7.462,1.302,0.194229,0.004127
579,250.4,0.0549,15,160,10,0.2,0.268656,0.374806,12.044,0.849,0.374806,0.005634
580,500.2,0.0546,25,100,10,0.05,0.785927,0.003135,6.332,0.959,0.003135,0.006280
581,500.3,0.0544,25,160,10,0.2,0.497267,0.247747,34.273,2.069,0.194281,0.005039
582,500.4,0.0541,20,160,5,0.2,0.246537,0.730928,70.755,1.408,0.690117,0.003224
583,750.2,0.0538,15,160,10,0.2,0.772781,-0.005504,10.537,0.711,-0.005504,0.006436
584,750.3,0.0535,25,160,8,0.2,0.483818,0.208095,61.083,1.947,0.160732,0.007418
585,750.4,0.0533,20,160,5,0.2,0.242933,0.819024,126.272,1.443,0.774741,0.005763
586,250.2,0.0530,20,100,3,0.05,0.798692,-0.010559,0.898,0.365,-0.010559,0.006780
587,250.3,0.0527,20,160,10,0.1,0.536061,0.209338,7.910,1.380,0.190320,0.006600
588,250.4,0.0525,15,160,10,0.2,0.268656,0.374806,11.579,0.817,0.374806,0.006435
589,500.2,0.0522,25,100,3,0.1,0.781601,-0.002386,4.476,0.678,-0.002386,0.006883
590,500.3,0.0520,25,160,10,0.1,0.498536,0.250930,30.829,1.861,0.207861,0.011012
591,500.4,0.0517,20,160,5,0.2,0.246537,0.730928,71.097,1.415,0.689437,0.004300
592,750.2,0.0514,15,160,10,0.2,0.772781,-0.005504,10.622,0.717,-0.005504,0.009059
593,750.3,0.0512,25,160,8,0.2,0.483818,0.208095,60.779,1.938,0.161216,0.004056
594,750.4,0.0509,20,160,5,0.2,0.242933,0.819024,126.287,1.443,0.774724,0.005819
595,250.2,0.0507,20,50,3,0.05,0.795506,-0.014506,0.373,0.152,-0.014506,0.005135
596,250.3,0.0504,20,160,10,0.1,0.536061,0.209338,7.859,1.371,0.190765,0.006503
597,250.4,0.0502,15,160,10,0.2,0.268656,0.374806,11.571,0.816,0.374806,0.009306
598,500.2,0.0500,25,100,10,0.1,0.783599,0.000165,6.182,0.936,0.000165,0.003990
599,500.3,0.0500,25,160,10,0.2,0.497267,0.247747,34.354,2.074,0.194035,0.003792
600,500.4,0.0500,20,160,5,0.2,0.246537,0.730928,71.206,1.417,0.689220,0.005501
601,750.2,0.0500,15,160,10,0.2,0.772781,-0.005504,10.619,0.717,-0.005504,0.006532
602,750.3,0.0500,25,160,10,0.2,0.490181,0.223982,65.034,2.073,0.170322,0.005715
603,750.4,0.0500,20,160,5,0.2,0.242933,0.819024,126.435,1.445,0.774556,0.006575
604,250.2,0.0500,15,160,10,0.2,0.802688,-0.005609,1.374,0.558,-0.005609,0.007372
605,250.3,0.0500,20,160,10,0.1,0.536061,0.209338,7.763,1.355,0.191596,0.008673
606,250.4,0.0500,15,160,10,0.2,0.268656,0.374806,11.468,0.809,0.374806,0.003649
607,500.2,0.0500,25,100,10,0.2,0.783135,-0.000428,6.890,1.043,-0.004768,0.012617
608,500.3,0.0500,25,160,10,0.2,0.497267,0.247747,34.424,2.078,0.193824,0.004996
609,500.4,0.0500,20,160,5,0.2,0.246537,0.730928,71.221,1.417,0.689189,0.006068
610,750.2,0.0500,15,160,10,0.2,0.772781,-0.005504,10.565,0.713,-0.005504,0.006194
611,750.3,0.0500,25,160,10,0.2,0.490181,0.223982,65.051,2.074,0.170294,0.009941
612,750.4,0.0500,20,160,5,0.2,0.242933,0.819024,126.275,1.443,0.774738,0.009738
613,250.2,0.0500,15,160,8,0.2,0.795343,-0.014708,1.321,0.537,-0.014708,0.005080
614,250.3,0.0500,20,160,10,0.1,0.536061,0.209338,7.895,1.378,0.190448,0.005051
615,250.4,0.0500,15,160,10,0.2,0.268656,0.374806,11.610,0.819,0.374806,0.006685
616,500.2,0.0500,25,100,3,0.1,0.781601,-0.002386,4.445,0.673,-0.002386,0.006026
617,500.3,0.0500,25,160,10,0.2,0.497267,0.247747,34.525,2.085,0.193517,0.006803
618,500.4,0.0500,20,160,5,0.2,0.246537,0.730928,70.880,1.411,0.689868,0.005488
619,750.2,0.0500,15,160,10,0.2,0.772781,-0.005504,10.419,0.703,-0.005504,0.004647
620,750.3,0.0500,25,160,10,0.2,0.490181,0.223982,64.714,2.063,0.170831,0.006632
621,750.4,0.0500,20,160,5,0.2,0.242933,0.819024,126.197,1.442,0.774827,0.007541
622,250.2,0.0500,20,100,8,0.05,0.799833,-0.009145,1.409,0.573,-0.009145,0.005826
623,250.3,0.0500,20,160,10,0.1,0.536061,0.209338,7.463,1.302,0.194218,0.006837
624,250.4,0.0500,15,160,10,0.2,0.268656,0.374806,12.014,0.847,0.374806,0.005074
625,500.2,0.0500,25,100,10,0.05,0.785927,0.003135,6.248,0.946,0.003135,0.005008
626,500.3,0.0500,25,160,10,0.2,0.497267,0.247747,34.352,2.074,0.194042,0.006792
627,500.4,0.0500,20,160,5,0.2,0.246537,0.730928,70.745,1.408,0.690137,0.005273
628,750.2,0.0500,25,50,3,0.05,0.773300,-0.004836,3.168,0.214,-0.004836,0.004592
629,750.3,0.0500,25,160,10,0.2,0.490181,0.223982,64.822,2.066,0.170658,0.005134
630,750.4,0.0500,20,160,5,0.2,0.242933,0.819024,126.970,1.451,0.773945,0.006250
631,250.2,0.0500,20,100,3,0.1,0.800726,-0.008039,1.037,0.421,-0.008039,0.004969
632,250.3,0.0500,20,160,10,0.1,0.536061,0.209338,7.297,1.273,0.195664,0.004652
633,250.4,0.0500,15,160,10,0.2,0.268656,0.374806,12.015,0.847,0.374806,0.004766
634,500.2,0.0500,25,130,8,0.2,0.780966,-0.003196,7.553,1.144,-0.017571,0.006858
635,500.3,0.0500,25,160,10,0.2,0.497267,0.247747,34.679,2.094,0.193054,0.006153
636,500.4,0.0500,20,160,5,0.2,0.246537,0.730928,70.658,1.406,0.690310,0.003050
637,750.2,0.0500,15,160,10,0.2,0.772781,-0.005504,10.505,0.709,-0.005504,0.008178
638,750.3,0.0500,25,160,8,0.2,0.483818,0.208095,60.811,1.939,0.161166,0.005694
639,750.4,0.0500,20,70,3,0.2,0.126377,-0.053715,25.077,0.287,-0.053715,0.008569
640,250.2,0.0500,20,100,8,0.05,0.799833,-0.009145,1.400,0.569,-0.009145,0.004545
641,250.3,0.0500,20,160,10,0.1,0.536061,0.209338,7.496,1.308,0.193925,0.002858
642,250.4,0.0500,15,160,10,0.2,0.268656,0.374806,11.725,0.827,0.374806,0.002094
643,500.2,0.0500,25,100,10,0.2,0.783135,-0.000428,7.490,1.134,-0.013846,0.005194
644,500.3,0.0500,25,160,10,0.2,0.497267,0.247747,34.427,2.079,0.193814,0.006863
645,500.4,0.0500,20,160,5,0.2,0.246537,0.730928,70.544,1.404,0.690537,0.006349
646,750.2,0.0500,15,130,5,0.05,0.772766,-0.005524,5.975,0.403,-0.005524,0.009387
647,750.3,0.0500,25,160,10,0.2,0.490181,0.223982,64.606,2.060,0.171004,0.005119
648,750.4,0.0500,20,160,5,0.2,0.242933,0.819024,126.750,1.448,0.774196,0.008273
649,250.2,0.0500,20,50,3,0.05,0.795506,-0.014506,0.560,0.227,-0.014506,0.008395
650,250.3,0.0500,20,160,10,0.1,0.536061,0.209338,7.587,1.324,0.193138,0.005394
651,250.4,0.0500,15,160,10,0.2,0.268656,0.374806,11.608,0.819,0.374806,0.009145
652,500.2,0.0500,25,100,10,0.05,0.785927,0.003135,6.262,0.948,0.003135,0.007908
653,500.3,0.0500,25,160,10,0.1,0.498536,0.250930,31.170,1.882,0.206830,0.006107
654,500.4,0.0500,20,160,5,0.2,0.246537,0.730928,70.860,1.410,0.689907,0.011276
655,750.2,0.0500,15,130,5,0.05,0.772766,-0.005524,5.928,0.400,-0.005524,0.005523
656,750.3,0.0500,25,160,10,0.2,0.490181,0.223982,64.758,2.064,0.170760,0.006744
657,750.4,0.0500,20,160,5,0.2,0.242933,0.819024,126.904,1.450,0.774019,0.004626
658,250.2,0.0500,15,160,8,0.05,0.799562,-0.009482,1.341,0.545,-0.009482,0.004797
659,250.3,0.0500,20,160,10,0.1,0.536061,0.209338,7.587,1.324,0.193138,0.009062
660,250.4,0.0500,15,160,10,0.2,0.268656,0.374806,11.609,0.819,0.374806,0.004572
661,500.2,0.0500,25,100,10,0.2,0.783135,-0.000428,6.941,1.051,-0.005538,0.005259
662,500.3,0.0500,25,160,10,0.2,0.497267,0.247747,34.520,2.084,0.193534,0.005420
663,500.4,0.0500,20,160,5,0.2,0.246537,0.730928,70.536,1.404,0.690552,0.006965
664,750.2,0.0500,25,100,3,0.2,0.775793,-0.001628,10.043,0.678,-0.001628,0.005114
665,750.3,0.0500,25,160,8,0.2,0.483818,0.208095,60.527,1.930,0.161618,0.009561
666,750.4,0.0500,20,160,5,0.2,0.242933,0.819024,126.276,1.443,0.774737,0.009368
667,250.2,0.0500,20,70,3,0.05,0.796560,-0.013200,0.718,0.292,-0.013200,0.006655
668,250.3,0.0500,20,160,10,0.1,0.536061,0.209338,7.895,1.378,0.190444,0.003485
669,250.4,0.0500,15,160,10,0.2,0.268656,0.374806,11.678,0.824,0.374806,0.011358
670,500.2,0.0500,25,100,10,0.1,0.783599,0.000165,6.105,0.925,0.000165,0.003978
671,500.3,0.0500,25,160,10,0.2,0.497267,0.247747,34.416,2.078,0.193849,0.004748
672,500.4,0.0500,20,160,5,0.2,0.246537,0.730928,70.524,1.404,0.690578,0.003143
673,750.2,0.0500,25,50,3,0.05,0.773300,-0.004836,3.309,0.223,-0.004836,0.002087
674,750.3,0.0500,25,160,8,0.2,0.483818,0.208095,60.410,1.926,0.161805,0.004846
675,750.4,0.0500,20,160,5,0.2,0.242933,0.819024,126.408,1.444,0.774586,0.002898
676,250.2,0.0500,20,70,3,0.05,0.796560,-0.013200,0.734,0.298,-0.013200,0.005196
677,250.3,0.0500,20,160,10,0.1,0.536061,0.209338,7.832,1.367,0.190993,0.001841
678,250.4,0.0500,15,160,10,0.2,0.268656,0.374806,11.671,0.823,0.374806,0.006153
679,500.2,0.0500,25,100,10,0.1,0.783599,0.000165,6.091,0.922,0.000165,0.002559
680,500.3,0.0500,25,160,10,0.2,0.497267,0.247747,34.408,2.078,0.193871,0.006958
681,500.4,0.0500,20,160,5,0.2,0.246537,0.730928,70.642,1.406,0.690341,0.006274
682,750.2,0.0500,20,70,3,0.05,0.770631,-0.008272,4.775,0.322,-0.008272,0.004500
683,750.3,0.0500,25,160,10,0.2,0.490181,0.223982,64.855,2.068,0.170607,0.004573
684,750.4,0.0500,20,160,5,0.2,0.242933,0.819024,126.864,1.450,0.774065,0.008680
685,250.2,0.0500,15,160,8,0.2,0.795343,-0.014708,1.737,0.706,-0.014708,0.005551
686,250.3,0.0500,20,160,10,0.1,0.536061,0.209338,7.452,1.301,0.194309,0.005769
687,250.4,0.0500,15,160,10,0.2,0.268656,0.374806,11.935,0.842,0.374806,0.003542
688,500.2,0.0500,25,100,10,0.05,0.785927,0.003135,6.604,1.000,0.003126,0.002316
689,500.3,0.0500,25,160,10,0.2,0.497267,0.247747,34.303,2.071,0.194189,0.005764
690,500.4,0.0500,20,160,5,0.2,0.246537,0.730928,70.853,1.410,0.689922,0.006104
691,750.2,0.0500,15,70,3,0.05,0.765405,-0.014996,2.550,0.172,-0.014996,0.002033
692,750.3,0.0500,25,160,3,0.2,0.487427,0.217107,51.524,1.643,0.184980,0.009380
693,750.4,0.0500,20,160,5,0.2,0.242933,0.819024,126.410,1.444,0.774584,0.004576
694,250.2,0.0500,15,160,8,0.2,0.795343,-0.014708,1.293,0.525,-0.014708,0.005729
695,250.3,0.0500,20,160,10,0.1,0.536061,0.209338,7.711,1.346,0.192050,0.004398
696,250.4,0.0500,15,160,10,0.2,0.268656,0.374806,11.521,0.812,0.374806,0.003532
697,500.2,0.0500,25,100,10,0.05,0.785927,0.003135,6.173,0.935,0.003135,0.004910
698,500.3,0.0500,25,160,10,0.2,0.497267,0.247747,34.663,2.093,0.193103,0.002226
699,500.4,0.0500,20,160,5,0.2,0.246537,0.730928,70.664,1.406,0.690298,0.006201
700,750.2,0.0500,15,160,10,0.2,0.772781,-0.005504,10.485,0.708,-0.005504,0.003493
701,750.3,0.0500,25,160,8,0.2,0.483818,0.208095,60.905,1.942,0.161016,0.003690
702,750.4,0.0500,20,160,5,0.2,0.242933,0.819024,125.989,1.440,0.775065,0.006912
703,250.2,0.0500,15,160,8,0.05,0.799562,-0.009482,1.585,0.644,-0.009482,0.004646
704,250.3,0.0500,20,160,10,0.1,0.536061,0.209338,7.386,1.289,0.194886,0.002530
705,250.4,0.0500,15,160,10,0.2,0.268656,0.374806,11.927,0.841,0.374806,0.010676
706,500.2,0.0500,25,100,10,0.1,0.783599,0.000165,6.127,0.928,0.000165,0.003939
707,500.3,0.0500,25,160,10,0.2,0.497267,0.247747,34.448,2.080,0.193750,0.003874
708,500.4,0.0500,20,160,5,0.2,0.246537,0.730928,70.694,1.407,0.690238,0.008500
709,750.2,0.0500,15,160,10,0.2,0.772781,-0.005504,10.375,0.700,-0.005504,0.005478
710,750.3,0.0500,25,160,8,0.2,0.483818,0.208095,60.572,1.931,0.161546,0.004745
711,750.4,0.0500,20,160,5,0.2,0.242933,0.819024,126.868,1.450,0.774061,0.004288
712,250.2,0.0500,15,160,8,0.2,0.795343,-0.014708,1.302,0.529,-0.014708,0.004747
713,250.3,0.0500,20,160,10,0.1,0.536061,0.209338,7.582,1.323,0.193177,0.004434
714,250.4,0.0500,15,160,10,0.2,0.268656,0.374806,11.649,0.822,0.374806,0.005564
715,500.2,0.0500,20,130,5,0.2,0.779570,-0.004978,4.668,0.707,-0.004978,0.003142
716,500.3,0.0500,25,160,10,0.2,0.497267,0.247747,34.537,2.085,0.193482,0.006920
717,500.4,0.0500,20,160,5,0.2,0.246537,0.730928,70.956,1.412,0.689717,0.003160
718,750.2,0.0500,15,130,3,0.05,0.769865,-0.009257,4.985,0.337,-0.009257,0.004160
719,750.3,0.0500,25,160,3,0.2,0.487427,0.217107,51.228,1.633,0.185453,0.003290
720,750.4,0.0500,20,160,5,0.2,0.242933,0.819024,128.627,1.470,0.772051,0.002143
721,250.2,0.0500,15,160,8,0.05,0.799562,-0.009482,1.358,0.552,-0.009482,0.002670
722,250.3,0.0500,20,160,3,0.2,0.530514,0.196825,6.217,1.085,0.192579,0.004058
723,250.4,0.0500,15,160,10,0.2,0.268656,0.374806,12.044,0.849,0.374806,0.005040
724,500.2,0.0500,25,100,10,0.05,0.785927,0.003135,6.574,0.996,0.003135,0.003585
725,500.3,0.0500,25,160,10,0.2,0.497267,0.247747,34.512,2.084,0.193558,0.007676
726,500.4,0.0500,20,160,5,0.2,0.246537,0.730928,70.709,1.407,0.690209,0.002417
727,750.2,0.0500,15,130,3,0.05,0.769865,-0.009257,4.991,0.337,-0.009257,0.004689
728,750.3,0.0500,25,160,3,0.2,0.487427,0.217107,52.157,1.663,0.183971,0.003098
729,750.4,0.0500,20,160,5,0.2,0.242933,0.819024,127.115,1.452,0.773778,0.005726
730,250.2,0.0500,20,130,3,0.05,0.800110,-0.008803,1.180,0.479,-0.008803,0.004576
731,250.3,0.0500,20,160,10,0.1,0.536061,0.209338,7.805,1.362,0.191229,0.003975
732,250.4,0.0500,15,160,10,0.2,0.268656,0.374806,11.582,0.817,0.374806,0.006502
733,500.2,0.0500,25,100,10,0.05,0.785927,0.003135,6.104,0.924,0.003135,0.006510
734,500.3,0.0500,25,160,10,0.2,0.497267,0.247747,34.522,2.084,0.193529,0.005018
735,500.4,0.0500,20,160,5,0.2,0.246537,0.730928,71.009,1.413,0.689612,0.003628
736,750.2,0.0500,20,70,5,0.05,0.773055,-0.005152,4.826,0.326,-0.005152,0.007038
737,750.3,0.0500,25,160,10,0.2,0.490181,0.223982,64.915,2.069,0.170511,0.002826
738,750.4,0.0500,20,160,5,0.2,0.242933,0.819024,126.085,1.441,0.774955,0.006411
739,250.2,0.0500,20,100,10,0.1,0.802383,-0.005986,1.386,0.563,-0.005986,0.004613
740,250.3,0.0500,20,160,10,0.1,0.536061,0.209338,8.537,1.490,0.184847,0.002685
741,250.4,0.0500,15,160,10,0.2,0.268656,0.374806,14.576,1.028,0.372016,0.004066
742,500.2,0.0500,25,100,10,0.2,0.783135,-0.000428,7.031,1.065,-0.006898,0.003429
743,500.3,0.0500,25,160,10,0.2,0.497267,0.247747,34.707,2.096,0.192968,0.002229
744,500.4,0.0500,20,160,5,0.2,0.246537,0.730928,70.944,1.412,0.689741,0.003736
745,750.2,0.0500,15,50,3,0.05,0.765037,-0.015471,1.227,0.083,-0.015471,0.002773
746,750.3,0.0500,25,160,10,0.2,0.490181,0.223982,65.134,2.076,0.170162,0.003165
747,750.4,0.0500,20,160,5,0.2,0.242933,0.819024,126.487,1.445,0.774496,0.007123
748,250.2,0.0500,20,160,3,0.2,0.803877,-0.004136,1.422,0.578,-0.004136,0.007160
749,250.3,0.0500,20,160,10,0.1,0.536061,0.209338,7.504,1.310,0.193855,0.004600
750,250.4,0.0500,15,160,10,0.2,0.268656,0.374806,11.650,0.822,0.374806,0.003265
751,500.2,0.0500,25,100,3,0.1,0.781601,-0.002386,4.331,0.656,-0.002386,0.002261
752,500.3,0.0500,25,160,10,0.2,0.497267,0.247747,34.349,2.074,0.194049,0.006714
753,500.4,0.0500,20,160,5,0.2,0.246537,0.730928,71.060,1.414,0.689511,0.008318
754,750.2,0.0500,25,100,3,0.2,0.775793,-0.001628,10.002,0.675,-0.001628,0.006599
755,750.3,0.0500,25,160,10,0.2,0.490181,0.223982,64.900,2.069,0.170535,0.002683
756,750.4,0.0500,20,160,5,0.2,0.242933,0.819024,126.427,1.445,0.774565,0.007978
757,250.2,0.0500,20,100,3,0.05,0.798692,-0.010559,0.912,0.370,-0.010559,0.001442
758,250.3,0.0500,20,160,10,0.1,0.536061,0.209338,7.923,1.383,0.190201,0.002697
759,250.4,0.0500,15,160,10,0.2,0.268656,0.374806,11.572,0.816,0.374806,0.006339
760,500.2,0.0500,25,100,3,0.1,0.781601,-0.002386,4.478,0.678,-0.002386,0.004707
761,500.3,0.0500,25,160,10,0.2,0.497267,0.247747,34.529,2.085,0.193508,0.002884
762,500.4,0.0500,20,160,5,0.2,0.246537,0.730928,70.697,1.407,0.690232,0.002009
763,750.2,0.0500,10,100,8,0.05,0.105171,-0.864654,0.821,0.055,-0.864654,0.008838
764,750.3,0.0500,25,160,3,0.2,0.487427,0.217107,51.484,1.641,0.185044,0.011707
765,750.4,0.0500,20,160,5,0.2,0.242933,0.819024,126.426,1.445,0.774565,0.009717
766,250.2,0.0500,20,50,3,0.05,0.795506,-0.014506,0.450,0.183,-0.014506,0.009302
767,250.3,0.0500,20,160,3,0.2,0.530514,0.196825,6.236,1.088,0.192412,0.003699
768,250.4,0.0500,15,160,10,0.2,0.268656,0.374806,11.545,0.814,0.374806,0.012135
769,500.2,0.0500,25,70,3,0.05,0.782427,-0.001331,3.402,0.515,-0.001331,0.006292
770,500.3,0.0500,25,160,10,0.2,0.497267,0.247747,34.621,2.090,0.193229,0.006142
771,500.4,0.0500,20,160,5,0.2,0.246537,0.730928,70.854,1.410,0.689920,0.007137
772,750.2,0.0500,25,160,5,0.2,0.778005,0.001218,17.244,1.164,-0.015210,0.009902
773,750.3,0.0500,25,160,10,0.2,0.490181,0.223982,64.733,2.064,0.170801,0.007833
774,750.4,0.0500,20,160,5,0.2,0.242933,0.819024,125.827,1.438,0.775250,0.007293
775,250.2,0.0500,20,50,3,0.05,0.795506,-0.014506,0.401,0.163,-0.014506,0.005885
776,250.3,0.0500,15,50,10,0.05,0.288612,-0.348899,0.659,0.115,-0.348899,0.005711
777,250.4,0.0500,15,160,10,0.2,0.268656,0.374806,11.917,0.840,0.374806,0.005031
778,500.2,0.0500,25,70,3,0.05,0.782427,-0.001331,3.356,0.508,-0.001331,0.003505
779,500.3,0.0500,25,160,10,0.1,0.498536,0.250930,31.001,1.872,0.207340,0.010006
780,500.4,0.0500,20,160,5,0.2,0.246537,0.730928,70.542,1.404,0.690540,0.009876
781,750.2,0.0500,15,130,3,0.05,0.769865,-0.009257,5.024,0.339,-0.009257,0.005827
782,750.3,0.0500,25,160,10,0.1,0.490644,0.225139,70.437,2.245,0.162866,0.005704
783,750.4,0.0500,20,160,5,0.2,0.242933,0.819024,126.794,1.449,0.774145,0.003467
784,250.2,0.0500,20,160,3,0.2,0.803877,-0.004136,1.724,0.700,-0.004136,0.002699
785,250.3,0.0500,20,160,10,0.1,0.536061,0.209338,7.592,1.325,0.193090,0.004352
786,250.4,0.0500,15,160,10,0.2,0.268656,0.374806,11.795,0.832,0.374806,0.007041
787,500.2,0.0500,25,100,3,0.1,0.781601,-0.002386,4.487,0.680,-0.002386,0.009346
788,500.3,0.0500,25,160,10,0.1,0.498536,0.250930,30.836,1.862,0.207838,0.006021
789,500.4,0.0500,20,160,5,0.2,0.246537,0.730928,71.153,1.416,0.689326,0.003738
790,750.2,0.0500,25,100,5,0.2,0.776157,-0.001160,10.021,0.677,-0.001160,0.004485
791,750.3,0.0500,20,50,10,0.05,0.252780,-0.368809,5.744,0.183,-0.368809,0.007714
792,750.4,0.0500,20,160,5,0.2,0.242933,0.819024,126.292,1.443,0.774719,0.003812
793,250.2,0.0500,20,100,10,0.05,0.805222,-0.002469,1.282,0.521,-0.002469,0.004199
794,250.3,0.0500,20,160,10,0.1,0.536061,0.209338,7.872,1.374,0.190644,0.003087
795,250.4,0.0500,15,160,10,0.2,0.268656,0.374806,11.555,0.815,0.374806,0.004540
796,500.2,0.0500,25,100,3,0.1,0.781601,-0.002386,4.447,0.673,-0.002386,0.006959
797,500.3,0.0500,25,160,10,0.1,0.498536,0.250930,31.008,1.872,0.207319,0.005203
798,500.4,0.0500,20,160,5,0.2,0.246537,0.730928,71.183,1.417,0.689264,0.005490
799,750.2,0.0500,15,50,3,0.05,0.765037,-0.015471,1.202,0.081,-0.015471,0.005476
800,750.3,0.0500,25,160,10,0.2,0.490181,0.223982,64.592,2.059,0.171026,0.004957
801,750.4,0.0500,20,160,5,0.2,0.242933,0.819024,126.598,1.447,0.774369,0.004296
802,250.2,0.0500,20,50,3,0.05,0.795506,-0.014506,0.632,0.257,-0.014506,0.004510
803,250.3,0.0500,20,160,10,0.1,0.536061,0.209338,7.374,1.287,0.194995,0.010025
804,250.4,0.0500,15,160,10,0.2,0.268656,0.374806,12.046,0.850,0.374806,0.004748
805,500.2,0.0500,10,70,5,0.2,0.767458,-0.020438,1.008,0.153,-0.020438,0.004886
806,500.3,0.0500,25,160,10,0.2,0.497267,0.247747,34.459,2.081,0.193717,0.004263
807,500.4,0.0500,20,160,5,0.2,0.246537,0.730928,71.093,1.415,0.689444,0.006121
808,750.2,0.0500,15,50,3,0.05,0.765037,-0.015471,1.198,0.081,-0.015471,0.005929
809,750.3,0.0500,25,160,10,0.2,0.490181,0.223982,64.506,2.056,0.171163,0.006469
810,750.4,0.0500,20,160,5,0.2,0.242933,0.819024,126.572,1.446,0.774399,0.007974
811,250.2,0.0500,15,160,8,0.2,0.795343,-0.014708,1.780,0.723,-0.014708,0.007320
812,250.3,0.0500,20,160,10,0.1,0.536061,0.209338,7.488,1.307,0.194001,0.008426
813,250.4,0.0500,15,160,10,0.2,0.268656,0.374806,12.116,0.854,0.374806,0.004158
814,500.2,0.0500,25,70,3,0.05,0.782427,-0.001331,3.307,0.501,-0.001331,0.005385
815,500.3,0.0500,25,160,10,0.1,0.498536,0.250930,30.768,1.858,0.208046,0.001035
816,500.4,0.0500,20,160,5,0.2,0.246537,0.730928,71.008,1.413,0.689614,0.004518
817,750.2,0.0500,15,160,10,0.2,0.772781,-0.005504,10.514,0.710,-0.005504,0.004629
818,750.3,0.0500,25,160,8,0.2,0.483818,0.208095,60.847,1.940,0.161108,0.009603
819,750.4,0.0500,20,160,5,0.2,0.242933,0.819024,126.359,1.444,0.774642,0.007574
820,250.2,0.0500,10,70,8,0.2,0.783354,-0.029560,0.382,0.155,-0.029560,0.008173
821,250.3,0.0500,20,160,10,0.1,0.536061,0.209338,7.802,1.362,0.191261,0.003214
822,250.4,0.0500,15,30,5,0.05,0.167493,-0.142881,0.666,0.047,-0.142881,0.001479
823,500.2,0.0500,25,100,10,0.2,0.783135,-0.000428,7.414,1.123,-0.012709,0.011395
824,500.3,0.0500,25,160,10,0.2,0.497267,0.247747,34.037,2.055,0.194992,0.004894
825,500.4,0.0500,20,160,5,0.2,0.246537,0.730928,71.300,1.419,0.689032,0.006911
826,750.2,0.0500,25,100,5,0.2,0.776157,-0.001160,10.190,0.688,-0.001160,0.007963
827,750.3,0.0500,25,160,10,0.2,0.490181,0.223982,64.545,2.058,0.171101,0.001598
828,750.4,0.0500,40,50,8,0.1,0.135868,0.017350,44.058,0.503,0.017350,0.005164
829,250.2,0.0500,20,100,10,0.05,0.805222,-0.002469,1.253,0.509,-0.002469,0.006093
830,250.3,0.0500,40,70,8,0.05,0.374246,-0.155711,5.044,0.880,-0.155711,0.003899
831,250.4,0.0500,15,160,10,0.2,0.268656,0.374806,11.985,0.845,0.374806,0.007600
832,500.2,0.0500,25,70,3,0.05,0.782427,-0.001331,2.876,0.436,-0.001331,0.004389
833,500.3,0.0500,25,160,10,0.1,0.498536,0.250930,30.819,1.861,0.207891,0.006833
834,500.4,0.0500,20,160,5,0.2,0.246537,0.730928,71.268,1.418,0.689097,0.005793
835,750.2,0.0500,15,130,5,0.05,0.772766,-0.005524,6.482,0.438,-0.005524,0.005570
836,750.3,0.0500,25,160,10,0.2,0.490181,0.223982,64.808,2.066,0.170682,0.003236
837,750.4,0.0500,20,160,5,0.2,0.242933,0.819024,126.709,1.448,0.774243,0.002948
838,250.2,0.0500,20,50,3,0.05,0.795506,-0.014506,0.398,0.162,-0.014506,0.006266
839,250.3,0.0500,20,160,10,0.1,0.536061,0.209338,7.866,1.373,0.190701,0.004097
840,250.4,0.0500,15,160,10,0.2,0.268656,0.374806,11.638,0.821,0.374806,0.002595
841,500.2,0.0500,30,70,5,0.05,0.784208,0.000942,5.097,0.772,0.000942,0.007370
842,500.3,0.0500,25,160,10,0.1,0.498536,0.250930,30.889,1.865,0.207678,0.005914
843,500.4,0.0500,20,160,5,0.2,0.246537,0.730928,70.526,1.404,0.690572,0.007517
844,750.2,0.0500,15,130,5,0.2,0.770336,-0.008652,6.354,0.429,-0.008652,0.003682
845,750.3,0.0500,25,160,8,0.2,0.483818,0.208095,60.924,1.942,0.160986,0.004901
846,750.4,0.0500,20,160,5,0.2,0.242933,0.819024,125.943,1.439,0.775118,0.004804
847,250.2,0.0500,20,100,10,0.1,0.802383,-0.005986,1.263,0.513,-0.005986,0.010177
848,250.3,0.0500,20,160,10,0.1,0.536061,0.209338,7.853,1.370,0.190815,0.002684
849,250.4,0.0500,15,160,10,0.2,0.268656,0.374806,11.539,0.814,0.374806,0.007172
850,500.2,0.0500,30,70,5,0.2,0.780232,-0.004133,4.475,0.678,-0.004133,0.005770
851,500.3,0.0500,25,160,10,0.1,0.498536,0.250930,31.003,1.872,0.207334,0.001525
852,500.4,0.0500,20,160,5,0.2,0.246537,0.730928,70.755,1.408,0.690117,0.003343
853,750.2,0.0500,20,70,3,0.05,0.770631,-0.008272,4.755,0.321,-0.008272,0.003220
854,750.3,0.0500,25,160,8,0.2,0.483818,0.208095,60.597,1.932,0.161507,0.004073
855,750.4,0.0500,20,160,5,0.2,0.242933,0.819024,126.658,1.447,0.774301,0.006489
856,250.2,0.0500,20,100,10,0.1,0.802383,-0.005986,1.469,0.597,-0.005986,0.004995
857,250.3,0.0500,20,160,10,0.1,0.536061,0.209338,7.445,1.299,0.194375,0.003348
858,250.4,0.0500,15,160,10,0.2,0.268656,0.374806,12.084,0.852,0.374806,0.009261
859,500.2,0.0500,30,70,5,0.2,0.780232,-0.004133,4.097,0.620,-0.004133,0.002130
860,500.3,0.0500,25,160,10,0.1,0.498536,0.250930,31.242,1.886,0.206612,0.004129
861,500.4,0.0500,20,160,5,0.2,0.246537,0.730928,70.807,1.409,0.690013,0.002972
862,750.2,0.0500,20,70,3,0.05,0.770631,-0.008272,4.690,0.317,-0.008272,0.004425
863,750.3,0.0500,25,160,10,0.2,0.490181,0.223982,64.772,2.065,0.170739,0.007960
864,750.4,0.0500,20,160,5,0.2,0.242933,0.819024,127.204,1.453,0.773677,0.006162
865,250.2,0.0500,20,100,10,0.1,0.802383,-0.005986,1.670,0.678,-0.005986,0.006262
866,250.3,0.0500,20,160,10,0.1,0.536061,0.209338,7.539,1.316,0.193558,0.004158
867,250.4,0.0500,15,160,10,0.2,0.268656,0.374806,12.039,0.849,0.374806,0.003501
868,500.2,0.0500,30,160,10,0.05,0.786736,0.004168,14.725,2.230,-0.118817,0.003841
869,500.3,0.0500,25,160,10,0.1,0.498536,0.250930,31.351,1.893,0.206284,0.009551
870,500.4,0.0500,20,160,5,0.2,0.246537,0.730928,71.076,1.415,0.689477,0.003877
871,750.2,0.0500,25,50,3,0.05,0.773300,-0.004836,3.008,0.203,-0.004836,0.003337
872,750.3,0.0500,25,160,3,0.2,0.487427,0.217107,51.485,1.641,0.185043,0.002287
873,750.4,0.0500,20,160,5,0.2,0.242933,0.819024,126.143,1.441,0.774889,0.003500
874,250.2,0.0500,15,160,10,0.1,0.794776,-0.015411,1.307,0.531,-0.015411,0.004900
875,250.3,0.0500,20,160,10,0.1,0.536061,0.209338,7.321,1.278,0.195452,0.005223
876,250.4,0.0500,15,160,10,0.2,0.268656,0.374806,11.827,0.834,0.374806,0.002537
877,500.2,0.0500,25,100,10,0.2,0.783135,-0.000428,7.006,1.061,-0.006526,0.003855
878,500.3,0.0500,25,160,10,0.2,0.497267,0.247747,34.499,2.083,0.193597,0.008390
879,500.4,0.0500,20,160,5,0.2,0.246537,0.730928,70.790,1.409,0.690048,0.001966
880,750.2,0.0500,20,130,8,0.2,0.771123,-0.007638,10.039,0.678,-0.007638,0.002501
881,750.3,0.0500,25,160,3,0.2,0.487427,0.217107,51.535,1.643,0.184963,0.003321
882,750.4,0.0500,20,160,5,0.2,0.242933,0.819024,126.794,1.449,0.774145,0.003580
883,250.2,0.0500,20,100,10,0.05,0.805222,-0.002469,1.248,0.507,-0.002469,0.003937
884,250.3,0.0500,20,160,10,0.1,0.536061,0.209338,7.770,1.356,0.191538,0.001893
885,250.4,0.0500,15,160,10,0.2,0.268656,0.374806,11.572,0.816,0.374806,0.005629
886,500.2,0.0500,30,70,5,0.05,0.784208,0.000942,5.101,0.772,0.000942,0.002605
887,500.3,0.0500,25,160,10,0.1,0.498536,0.250930,30.978,1.870,0.207410,0.007723
888,500.4,0.0500,20,160,5,0.2,0.246537,0.730928,70.810,1.409,0.690008,0.005221
889,750.2,0.0500,20,50,3,0.05,0.770383,-0.008591,2.050,0.138,-0.008591,0.004211
890,750.3,0.0500,25,160,3,0.2,0.487427,0.217107,51.770,1.650,0.184589,0.004645
891,750.4,0.0500,20,160,5,0.2,0.242933,0.819024,126.896,1.450,0.774028,0.001956
892,250.2,0.0500,15,160,8,0.05,0.799562,-0.009482,1.809,0.735,-0.009482,0.005577
893,250.3,0.0500,20,160,10,0.1,0.536061,0.209338,7.455,1.301,0.194290,0.001518
894,250.4,0.0500,15,160,10,0.2,0.268656,0.374806,12.008,0.847,0.374806,0.006326
895,500.2,0.0500,25,50,3,0.05,0.782050,-0.001813,2.095,0.317,-0.001813,0.003416
896,500.3,0.0500,25,160,10,0.1,0.498536,0.250930,31.040,1.874,0.207224,0.004398
897,500.4,0.0500,20,160,5,0.2,0.246537,0.730928,70.846,1.410,0.689936,0.003366
898,750.2,0.0500,15,160,3,0.2,0.771624,-0.006994,6.879,0.464,-0.006994,0.003238
899,750.3,0.0500,25,160,3,0.2,0.487427,0.217107,51.061,1.628,0.185718,0.003864
900,750.4,0.0500,20,160,5,0.2,0.242933,0.819024,127.703,1.459,0.773107,0.002039
